pos,left_move,right_move,wp_gain_pp,eq_gain,reference_mc_sem_upper_pp
1,14h RESTRIVE,14h RESTRIVE,0.0,0.0,0
2,2j FARRED,2j FARRED,0.0,0.0,0
3,4a PEPONIDA,4a PEPONIDA,0.0,0.0,0
4,h1 LARVA,h1 LARVA,0.0,0.0,0
5,9j WREN,9j WREN,0.0,0.0,0
6,l8 AIRlIFTS,l8 AIRlIFTS,0.0,0.0,0
7,15j WIVE,15j WIVE,0.0,0.0,0
8,1d FORTED,1d FORTED,0.0,0.0,0
9,15j NOMINA,15j NOMINA,0.0,0.0,0
10,14k DIXI,14k DIXI,0.0,0.0,0
11,5b CRWTH,5b CRWTH,0.0,0.0,0
12,3b CUTTOE,3b CUTTOE,0.0,0.0,0
13,n6 STUNG,n6 STUNG,0.0,0.0,0
14,4b FABUlOUS,4b FABUlOUS,0.0,0.0,0
15,n7 SAGINATE,n7 SAGINATE,0.0,0.0,0
16,11j AGOGE,11j AGOGE,0.0,0.0,0
17,e10 BLAWN,e10 BLAWN,0.0,0.0,0
18,1a OSTREGER,1a OSTREGER,0.0,0.0,0
19,2e ECU,2e ECU,0.0,0.0,0
20,14e DEIONISE,14e DEIONISE,0.0,0.0,0
21,8k RYALS,8k RYALS,0.0,0.0,0
22,13c pYGIDIAL,13c pYGIDIAL,0.0,0.0,0
23,8l RIVA,8l RIVA,0.0,0.0,0
24,j8 GOOG,j8 GOOG,0.0,0.0,0
25,12a LAKH,12a LAKH,0.0,0.0,0
26,o8 DWEEB,o8 DWEEB,0.0,0.0,0
27,14b RENEGUE,14b RENEGUE,0.0,0.0,0
28,2k TOEY,2k TOEY,0.0,0.0,0
29,1l VROT,1l VROT,0.0,0.0,0
30,o1 ET,o1 ET,0.0,0.0,0
31,8m RUC,8m RUC,0.0,0.0,0
32,l12 RYND,l12 RYND,0.0,0.0,0
33,o1 JARK,o1 JARK,0.0,0.0,0
34,a1 WEEM,a1 WEEM,0.0,0.0,0
35,a12 ZEIN,a12 ZEIN,0.0,0.0,0
36,m5 OON,m5 OON,0.0,0.0,0
37,15k MAUVE,15k MAUVE,0.0,0.0,0
38,4a CHEF,4a CHEF,0.0,0.0,0
39,14e OD,14e OD,0.0,0.0,0
40,12a CARLES,12a CARLES,0.0,0.0,0
41,3j HORAL,3j HORAL,0.0,0.0,0
42,12b VANG,12b VANG,0.0,0.0,0
43,j2 DRAUNtS,j2 DRAUNtS,0.0,0.0,0
44,j9 OX,j9 OX,0.0,0.0,0
45,o1 NIDATED,o1 NIDATED,0.0,0.0,0
46,a13 AWE,a13 AWE,0.0,0.0,0
47,12b SHRIVEL,12b SHRIVEL,0.0,0.0,0
48,10j CALVE,10j CALVE,0.0,0.0,0
49,14n HI,14n HI,0.0,0.0,0
50,12d PODEX,12d PODEX,0.0,0.0,0
51,5c INPOURED,5c INPOURED,0.0,0.0,0
52,2j QUESO,2j QUESO,0.0,0.0,0
53,1a REWINdED,1a REWINdED,0.0,0.0,0
54,2e JEERS,2e JEERS,0.0,0.0,0
55,b8 DOJOS,b8 DOJOS,0.0,0.0,0
56,12l CHAI,12l CHAI,0.0,0.0,0
57,h12 WIPE,h12 WIPE,0.0,0.0,0
58,11c VIZOR,11c VIZOR,0.0,0.0,0
59,15d SOFTS,15d SOFTS,0.0,0.0,0
60,o12 ZILL,o12 ZILL,0.0,0.0,0
61,j10 FAA,j10 FAA,0.0,0.0,0
62,2h ABLATED,2h ABLATED,0.0,0.0,0
63,m3 ALOGIA,m3 ALOGIA,0.0,0.0,0
64,n7 DELETION,n7 DELETION,0.0,0.0,0
65,5i SIF,5i SIF,0.0,0.0,0
66,3b YO,m8 GROYNE,-0.19485109999999306,11.948735,0.6943138
67,4a INDOOR,4a INDOOR,0.0,0.0,0
68,l11 POOED,l11 POOED,0.0,0.0,0
69,a8 KENaF,a8 KENaF,0.0,0.0,0
70,14b TELEVIEW,14b TELEVIEW,0.0,0.0,0
71,6b GUITAR,6b GUITAR,0.0,0.0,0
72,b1 ENDASH,b1 ENDASH,0.0,0.0,0
73,b8 HEW,b8 HEW,0.0,0.0,0
74,14a FERRITIN,14a FERRITIN,0.0,0.0,0
75,j1 TAB,j1 TAB,0.0,0.0,0
76,8k WISER,8k WISER,0.0,0.0,0
77,c3 DWINE,c3 DWINE,0.0,0.0,0
78,8k AMBER,8k AMBER,0.0,0.0,0
79,2j COHAB,2j COHAB,0.0,0.0,0
80,12h VIBRIO,12h VIBRIO,0.0,0.0,0
81,d1 MaUVE,d1 MaUVE,0.0,0.0,0
82,3g KAE,3g KAE,0.0,0.0,0
83,a6 ElONGATE,a6 ElONGATE,0.0,0.0,0
84,h10 SHREIK,h10 SHREIK,0.0,0.0,0
85,j5 ETERNIZE,j5 ETERNIZE,0.0,0.0,0
86,c7 DEBIToR,c7 DEBIToR,0.0,0.0,0
87,a1 ALOHA,a1 ALOHA,0.0,0.0,0
88,c13 CEE,c13 CEE,0.0,0.0,0
89,15d WEIrING,15d WEIrING,0.0,0.0,0
90,1l FLEA,1l FLEA,0.0,0.0,0
91,b10 XI,b10 XI,0.0,0.0,0
92,l8 CONVENE,l8 CONVENE,0.0,0.0,0
93,5b COHESION,5b COHESION,0.0,0.0,0
94,8l LIEU,8l LIEU,0.0,0.0,0
95,h1 NORMIE,h1 NORMIE,0.0,0.0,0
96,12b INSUlANT,12b INSUlANT,0.0,0.0,0
97,15c DIVI,15c DIVI,0.0,0.0,0
98,7a BREEZE,7a BREEZE,0.0,0.0,0
99,11e RUbAIYAT,11e RUbAIYAT,0.0,0.0,0
100,d4 QAT,d4 QAT,0.0,0.0,0
101,h1 LAIKED,h1 LAIKED,0.0,0.0,0
102,c3 ZO,c3 ZO,0.0,0.0,0
103,m3 TORY,m3 TORY,0.0,0.0,0
104,8k ASWIM,8k ASWIM,0.0,0.0,0
105,6e OF,6e OF,0.0,0.0,0
106,j5 AHI,j5 AHI,0.0,0.0,0
107,1k JIVER,1k JIVER,0.0,0.0,0
108,3i BETTA,3i BETTA,0.0,0.0,0
109,14l LAUF,14l LAUF,0.0,0.0,0
110,6n JO,6n JO,0.0,0.0,0
111,b10 VERBS,b10 VERBS,0.0,0.0,0
112,14a ROK,14a ROK,0.0,0.0,0
113,13c CALUMETS,13c CALUMETS,0.0,0.0,0
114,m7 HIOI,m7 HIOI,0.0,0.0,0
115,15a JASY,15a JASY,0.0,0.0,0
116,1d TWIRLED,1d TWIRLED,0.0,0.0,0
117,1b LUCIFER,1b LUCIFER,0.0,0.0,0
118,13k VIRTU,13k VIRTU,0.0,0.0,0
119,l7 WALLSEND,l7 WALLSEND,0.0,0.0,0
120,1a AIRWAY,1a AIRWAY,0.0,0.0,0
121,6i OFFCUT,6i OFFCUT,0.0,0.0,0
122,e6 UNFETTER,e6 UNFETTER,0.0,0.0,0
123,j2 PIEZO,j2 PIEZO,0.0,0.0,0
124,e11 TWICE,e11 TWICE,0.0,0.0,0
125,a8 CROONS,a8 CROONS,0.0,0.0,0
126,o8 SWY,o8 SWY,0.0,0.0,0
127,e11 DEWAN,e11 DEWAN,0.0,0.0,0
128,1a ALVEoLES,1a ALVEoLES,0.0,0.0,0
129,a12 IDEA,a12 IDEA,0.0,0.0,0
130,1a AMAH,1a AMAH,0.0,0.0,0
131,4i KIORE,4i KIORE,0.0,0.0,0
132,n10 PROVEN,n10 PROVEN,0.0,0.0,0
133,b10 QAIDS,b10 QAIDS,0.0,0.0,0
134,10d IPOMOEA,11e POME,-0.021341499999993907,-9.159699,0.4067336
135,2e OXER,2e OXER,0.0,0.0,0
136,a11 AVION,a11 AVION,0.0,0.0,0
137,10j PLAGUY,10j PLAGUY,0.0,0.0,0
138,a11 ZAIDY,a11 ZAIDY,0.0,0.0,0
139,a12 CLON,a12 CLON,0.0,0.0,0
140,o10 DAISES,1j EUPADS,1.536102100000003,0.8118690000000015,0.4896185
141,m1 RUTTIER,m1 RUTTIER,0.0,0.0,0
142,j8 EVAdING,j8 EVAdING,0.0,0.0,0
143,c2 YAUP,c2 YAUP,0.0,0.0,0
144,j8 GADID,j8 GADID,0.0,0.0,0
145,o7 UPDRAW,o7 UPDRAW,0.0,0.0,0
146,1k PEPOS,1k PEPOS,0.0,0.0,0
147,2g VERY,2g VERY,0.0,0.0,0
148,n2 PIN,15h ONO,0.16110630000000237,1.0292050000000046,0.7359667999999999
149,8j TENZON,8j TENZON,0.0,0.0,0
150,m9 LILIED,m9 LILIED,0.0,0.0,0
151,1c ECOTAGE,8j ATE,1.345874299999994,-7.701177,2.088575
152,15h FUNDIES,15h FUNDIES,0.0,0.0,0
153,4a ABeRRANT,4a ABeRRANT,0.0,0.0,0
154,f4 POX,f4 POX,0.0,0.0,0
155,4b DEBASERS,4b DEBASERS,0.0,0.0,0
156,8a JAWS,8a JAWS,0.0,0.0,0
157,11i WAE,11i WAE,0.0,0.0,0
158,l8 PRIVY,l8 PRIVY,0.0,0.0,0
159,14m PAM,14m PAM,0.0,0.0,0
160,15a FLOOSY,15a FLOOSY,0.0,0.0,0
161,c2 WOOING,c2 WOOING,0.0,0.0,0
162,10c CHEZ,10c CHEZ,0.0,0.0,0
163,a12 BENJ,a12 BENJ,0.0,0.0,0
164,8m ORF,8m ORF,0.0,0.0,0
165,2b BEWIG,2b BEWIG,0.0,0.0,0
166,13g XI,13g XI,0.0,0.0,0
167,n2 BYTES,n2 BYTES,0.0,0.0,0
168,15d HYENS,15d HYENS,0.0,0.0,0
169,g13 MEW,g13 MEW,0.0,0.0,0
170,l12 JOBE,l12 JOBE,0.0,0.0,0
171,o8 VAIN,o8 VAIN,0.0,0.0,0
172,15k BOURG,15k BOURG,0.0,0.0,0
173,k10 OX,k10 OX,0.0,0.0,0
174,f2 BLART,f2 BLART,0.0,0.0,0
175,9g PYX,9g PYX,0.0,0.0,0
176,11i BYDED,11i BYDED,0.0,0.0,0
177,9k CIVIL,9k CIVIL,0.0,0.0,0
178,10h DUG,10h DUG,0.0,0.0,0
179,11h SUBTLER,11h SUBTLER,0.0,0.0,0
180,k1 INDOcILE,k1 INDOcILE,0.0,0.0,0
181,15h FURIES,15h FURIES,0.0,0.0,0
182,2e SWOUN,2e SWOUN,0.0,0.0,0
183,a7 ZYME,a7 ZYME,0.0,0.0,0
184,i3 YOD,i3 YOD,0.0,0.0,0
185,10g NIVAL,10g NIVAL,0.0,0.0,0
186,n12 DEX,n12 DEX,0.0,0.0,0
187,f2 QAID,f2 QAID,0.0,0.0,0
188,3k BIFId,3k BIFId,0.0,0.0,0
189,n6 JATO,n6 JATO,0.0,0.0,0
190,o6 SOVIETIC,o6 SOVIETIC,0.0,0.0,0
191,8a VULN,8a VULN,0.0,0.0,0
192,c9 CEDAR,c9 CEDAR,0.0,0.0,0
193,15d FEART,15d FEART,0.0,0.0,0
194,8m DUI,8m MEU,1.635197300000002,3.4683369999999982,0.7087683
195,o4 TRICOT,o4 TRICOT,0.0,0.0,0
196,11h FUCI,11h FUCI,0.0,0.0,0
197,5b HEAVILY,5b HEAVILY,0.0,0.0,0
198,15c ABORAL,15c ABORAL,0.0,0.0,0
199,10h HIPSTER,10h HIPSTER,0.0,0.0,0
200,1h StORMInG,1h StORMInG,0.0,0.0,0
201,b10 JOE,b10 JOE,0.0,0.0,0
202,h1 QAT,h1 QAT,0.0,0.0,0
203,2f JEE,2f JEE,0.0,0.0,0
204,c12 YEDE,c12 YEDE,0.0,0.0,0
205,o9 POOTInG,o9 POOTInG,0.0,0.0,0
206,k8 ONIE,k8 ONIE,0.0,0.0,0
207,3f NEEP,c7 EVINCE,-0.00011159999999676984,16.157153,0.0001593
208,13l HOND,13l HOND,0.0,0.0,0
209,14b WAUR,14b WAUR,0.0,0.0,0
210,3a OVERARM,3a OVERARM,0.0,0.0,0
211,a8 EGGCUP,a8 EGGCUP,0.0,0.0,0
212,2f TROPHIES,2f TROPHIES,0.0,0.0,0
213,5k RACON,5k RACON,0.0,0.0,0
214,m1 NOY,m1 NOY,0.0,0.0,0
215,o7 NAM,o7 NAM,0.0,0.0,0
216,15d EMBOLIC,15d EMBOLIC,0.0,0.0,0
217,k3 FOEN,k3 FOEN,0.0,0.0,0
218,14a FELONY,14a FELONY,0.0,0.0,0
219,3g WEEDING,6f BREADING,-2.436165999999995,7.2137519999999995,0.5088674
220,h12 MOZO,h12 MOZO,0.0,0.0,0
221,n6 MINX,n6 MINX,0.0,0.0,0
222,15a JO,15a JO,0.0,0.0,0
223,15j FRIEZE,15j FRIEZE,0.0,0.0,0
224,1l ZOIc,1l ZOIc,0.0,0.0,0
225,8l QAT,3k TAMP,-0.22085450000000062,28.311744999999995,0.20192000000000002
226,10e FEWeR,10e FEWeR,0.0,0.0,0
227,a1 VOR,a1 VOR,0.0,0.0,0
228,8l ILIA,8l ILIA,0.0,0.0,0
229,d1 JAR,d1 JAR,0.0,0.0,0
230,o1 GWYNIADS,o1 GWYNIADS,0.0,0.0,0
231,11b CODGER,11b CODGER,0.0,0.0,0
232,a1 OPEPE,a1 OPEPE,0.0,0.0,0
233,d10 AUDIO,d10 AUDIO,0.0,0.0,0
234,c2 ORBITY,c2 ORBITY,0.0,0.0,0
235,9g MONAMINE,9g MONAMINE,0.0,0.0,0
236,j12 TEF,j12 TEF,0.0,0.0,0
237,12h HAILY,12h HAILY,0.0,0.0,0
238,12a BRoCAGE,12a BRoCAGE,0.0,0.0,0
239,b2 OSSIA,b2 OSSIA,0.0,0.0,0
240,15h AIRDATES,15h AIRDATES,0.0,0.0,0
241,10f XU,10f XU,0.0,0.0,0
242,l9 HEXED,l9 HEXED,0.0,0.0,0
243,k3 VAIVODE,k3 VAIVODE,0.0,0.0,0
244,1l AHEM,1l AHEM,0.0,0.0,0
245,o11 EQUID,o11 EQUID,0.0,0.0,0
246,12g EQUATE,12g EQUATE,0.0,0.0,0
247,3m COW,3m COW,0.0,0.0,0
248,d4 DENATURE,d4 DENATURE,0.0,0.0,0
249,1c NIPA,1c NIPA,0.0,0.0,0
250,1c FRETTED,1c FRETTED,0.0,0.0,0
251,o12 DOAT,o12 DOAT,0.0,0.0,0
252,2j MINBAR,2j MINBAR,0.0,0.0,0
253,b10 INANE,b10 INANE,0.0,0.0,0
254,d3 FOX,d3 FOX,0.0,0.0,0
255,d3 MOOI,d3 MOOI,0.0,0.0,0
256,4b FLUB,4b FLUB,0.0,0.0,0
257,6g WAVY,6g WAVY,0.0,0.0,0
258,o7 VAuNTER,o7 VAuNTER,0.0,0.0,0
259,n12 COPE,n12 COPE,0.0,0.0,0
260,2e OX,2e OX,0.0,0.0,0
261,2j BAY,2j BAY,0.0,0.0,0
262,n1 sTOkVEL,n1 sTOkVEL,0.0,0.0,0
263,b10 MID,b10 MID,0.0,0.0,0
264,c9 CYLIX,c9 CYLIX,0.0,0.0,0
265,a6 EARCONS,a6 EARCONS,0.0,0.0,0
266,14a QADI,14a QADI,0.0,0.0,0
267,14n ZA,14n ZA,0.0,0.0,0
268,15g EREMIC,15g EREMIC,0.0,0.0,0
269,15b SDAINeD,15b SDAINeD,0.0,0.0,0
270,m6 HALO,m6 HALO,0.0,0.0,0
271,15a KRILL,15a KRILL,0.0,0.0,0
272,15e INOSINE,15e INOSINE,0.0,0.0,0
273,15k EINA,15k EINA,0.0,0.0,0
274,o6 OTARIES,o6 TORTIES,0.554850699999998,0.02874899999999947,0.5276509
275,m12 DIVO,m12 DIVO,0.0,0.0,0
276,l9 DESTAIN,l9 DESTAIN,0.0,0.0,0
277,d3 DUVET,d3 DUVET,0.0,0.0,0
278,3a FRAILTY,3a FRAILTY,0.0,0.0,0
279,i12 VOW,i12 VOW,0.0,0.0,0
280,15l KYUS,15l KYUS,0.0,0.0,0
281,7f ACTA,e7 TRACT,4.1130683,16.795256,0.3886193
282,h1 GEEZ,h1 GEEZ,0.0,0.0,0
283,11g GOBO,11g GOBO,0.0,0.0,0
284,1h WITTY,1h WITTY,0.0,0.0,0
285,o12 CUES,o12 CUES,0.0,0.0,0
286,m10 DeX,13h MARVY,4.748143100000002,19.286550000000002,0.9236832
287,o2 GAUDIES,o2 GAUDIES,0.0,0.0,0
288,n2 REEDY,n2 REEDY,0.0,0.0,0
289,7c JIBS,7c JIBS,0.0,0.0,0
290,11e ZIP,11e ZIP,0.0,0.0,0
291,m8 OX,m8 OX,0.0,0.0,0
292,h13 VIN,h13 VIN,0.0,0.0,0
293,k3 ANIMA,k3 ANIMA,0.0,0.0,0
294,6f VOE,6f VOE,0.0,0.0,0
295,n8 GIO,k1 ANGLO,2.099028199999997,5.269908999999998,0.3626122
296,e10 ATE,e10 ATE,0.0,0.0,0
297,1a ROTARIES,1a ROTARIES,0.0,0.0,0
298,b10 KIAAT,b10 KIAAT,0.0,0.0,0
299,n2 PHEEZES,n2 PHEEZES,0.0,0.0,0
300,6h ACARINES,6h ACARINES,0.0,0.0,0
301,11d GERAH,11d GERAH,0.0,0.0,0
302,6b OUTFEAST,6b OUTFEAST,0.0,0.0,0
303,8l BUNA,8l BUNA,0.0,0.0,0
304,15b SARGE,15b SARGE,0.0,0.0,0
305,12d HOVEA,12d HOVEA,0.0,0.0,0
306,l1 AZON,l1 AZON,0.0,0.0,0
307,i2 DITONES,i2 DITONES,0.0,0.0,0
308,14e GNOW,14e GNOW,0.0,0.0,0
309,4a NIMROD,4a NIMROD,0.0,0.0,0
310,14b RETRAITE,14b RETRAITE,0.0,0.0,0
311,8k DIVOT,8k DIVOT,0.0,0.0,0
312,c11 EMU,c11 EMU,0.0,0.0,0
313,n11 DOTAL,n11 DOTAL,0.0,0.0,0
314,2f BOG,2f BOG,0.0,0.0,0
315,3b CERIPH,3b CERIPH,0.0,0.0,0
316,n8 ROOTCAP,n8 ROOTCAP,0.0,0.0,0
317,l12 WOOT,l12 WOOT,0.0,0.0,0
318,13c EUTEXIA,13c EUTEXIA,0.0,0.0,0
319,h12 VELL,h12 VELL,0.0,0.0,0
320,d11 QAT,d11 QAT,0.0,0.0,0
321,14f CLEIK,14f CLEIK,0.0,0.0,0
322,12l ARGH,12l ARGH,0.0,0.0,0
323,1a FRIG,1a FRIG,0.0,0.0,0
324,1d RATIFIED,1d RATIFIED,0.0,0.0,0
325,f7 BEADS,f7 BEADS,0.0,0.0,0
326,n5 SPORTIVe,n5 SPORTIVe,0.0,0.0,0
327,d8 VEILER,d8 VEILER,0.0,0.0,0
328,6m FY,6m FY,0.0,0.0,0
329,1n JO,1n JO,0.0,0.0,0
330,b1 GUIDED,b1 GUIDED,0.0,0.0,0
331,c12 ZERO,c12 ZERO,0.0,0.0,0
332,10b CILANTRO,10b CILANTRO,0.0,0.0,0
333,12b SLY,12b SLY,0.0,0.0,0
334,15d SCOPA,15d SCOPA,0.0,0.0,0
335,f4 QI,f4 QI,0.0,0.0,0
336,12h DOOLEE,12h DOOLEE,0.0,0.0,0
337,a12 FINI,a12 FINI,0.0,0.0,0
338,m9 TINEID,m9 TINEID,0.0,0.0,0
339,j7 DEED,j7 DEED,0.0,0.0,0
340,15d BEIGIER,15d BEIGIER,0.0,0.0,0
341,m12 THEW,m12 THEW,0.0,0.0,0
342,c5 AGOG,c5 AGOG,0.0,0.0,0
343,h1 PADSAW,h1 PADSAW,0.0,0.0,0
344,11e VIBS,11e VIBS,0.0,0.0,0
345,13g MINNEOLA,13g MINNEOLA,0.0,0.0,0
346,d12 BRIG,d12 BRIG,0.0,0.0,0
347,1d PUNTO,1d PUNTO,0.0,0.0,0
348,15h CRAWDAD,15h CRAWDAD,0.0,0.0,0
349,n11 ADIEU,n11 ADIEU,0.0,0.0,0
350,d1 GELATOS,d1 GELATOS,0.0,0.0,0
351,o11 OATER,o11 OATER,0.0,0.0,0
352,c8 COSIER,c8 COSIER,0.0,0.0,0
353,l1 QUAIS,l1 QUAIS,0.0,0.0,0
354,b10 VARROA,b10 VARROA,0.0,0.0,0
355,l3 TARbOYS,l3 TARbOYS,0.0,0.0,0
356,10f YOKE,10f YOKE,0.0,0.0,0
357,8l YITE,8l YITE,0.0,0.0,0
358,a1 IMIDO,a1 IMIDO,0.0,0.0,0
359,4d KAFTAN,4d KAFTAN,0.0,0.0,0
360,1d JUTES,1d JUTES,0.0,0.0,0
361,g10 INAPT,g10 INAPT,0.0,0.0,0
362,l1 UNREAVE,15c AVENUE,-0.34560000000000146,0.5526549999999997,0.49537639999999994
363,n2 OUTGATE,n2 OUTGATE,0.0,0.0,0
364,a3 ZOMBIE,a3 ZOMBIE,0.0,0.0,0
365,14e OPTIMA,14e OPTIMA,0.0,0.0,0
366,m9 PRUTAH,m9 PRUTAH,0.0,0.0,0
367,m8 TRUELOVE,m8 TRUELOVE,0.0,0.0,0
368,4d LOOIE,4d LOOIE,0.0,0.0,0
369,11b WEFTED,11b WEFTED,0.0,0.0,0
370,a6 FORPIT,a6 FORPIT,0.0,0.0,0
371,e2 TIBIA,e2 TIBIA,0.0,0.0,0
372,o6 WOX,o6 WOX,0.0,0.0,0
373,j5 OXY,j5 OXY,0.0,0.0,0
374,o11 OLPAE,o11 OLPAE,0.0,0.0,0
375,b4 WILD,b4 WILD,0.0,0.0,0
376,15d sWIVE,15d sWIVE,0.0,0.0,0
377,2c AGUIzES,2c AGUIzES,0.0,0.0,0
378,e4 LAX,e4 LAX,0.0,0.0,0
379,11b BEPAT,11b BEPAT,0.0,0.0,0
380,g12 OGLE,g12 OGLE,0.0,0.0,0
381,c12 HUNG,c12 HUNG,0.0,0.0,0
382,k5 EQUATION,k5 EQUATION,0.0,0.0,0
383,l6 NILL,l6 NILL,0.0,0.0,0
384,d3 IAMB,d3 IAMB,0.0,0.0,0
385,l8 AIN,l8 AIN,0.0,0.0,0
386,d4 COUCAL,d4 COUCAL,0.0,0.0,0
387,d11 UWU,d11 UWU,0.0,0.0,0
388,o8 YOICK,o8 YOICK,0.0,0.0,0
389,o8 ANIONS,o8 ANIONS,0.0,0.0,0
390,2c ANILINES,2c ANILINES,0.0,0.0,0
391,13b OCCAM,13b OCCAM,0.0,0.0,0
392,1l TUAN,14k ASTUN,0.3497112999999996,-28.169314999999997,0.07708240000000001
393,f9 EIREnIC,f9 EIREnIC,0.0,0.0,0
394,k5 DIMETER,k5 DIMETER,0.0,0.0,0
395,4a YEtI,4a YEtI,0.0,0.0,0
396,h12 CHID,h12 CHID,0.0,0.0,0
397,7h ZORI,7h ZORI,0.0,0.0,0
398,4b FEDERATE,4b FEDERATE,0.0,0.0,0
399,j4 POW,j4 POW,0.0,0.0,0
400,o1 OuTPRAYS,o1 OuTPRAYS,0.0,0.0,0
