game,pool,count,same_as,chosen,iterations,wall_ms,nominate_ms,check_ms
0,A,43,,m3 PLAGUE,25305,5000.3,640.126,639.319
0,B,41,,m3 PLAGUE,24612,5000.6,569.899,566.931
0,Bp,41,,m3 PLAGUE,25317,5000.3,568.512,565.611
0,C,43,A,m3 PLAGUE,25305,5000.3,615.193,612.239
0,static_A,43,,m3 PLAGUE,24992,5000.2,0.000,0.000
0,static_B,41,,m3 PLAGUE,25263,5000.3,0.000,0.000
0,static_Bp,41,static_B,m3 PLAGUE,25263,5000.3,0.000,0.000
0,static_C,43,static_A,m3 PLAGUE,24992,5000.2,0.000,0.000
8,A,38,,4h FLEDGE,39531,5000.1,348.999,348.888
8,B,37,,4h FLEDGE,39501,5000.3,333.487,332.912
8,Bp,36,,4h FLEDGE,39535,5000.6,320.363,319.739
8,C,38,A,4h FLEDGE,39531,5000.1,372.361,370.907
8,static_A,38,,4h FLEDGE,39911,5000.1,0.000,0.000
8,static_B,37,,4h FLEDGE,39902,5000.1,0.000,0.000
8,static_Bp,36,,4h FLEDGE,41381,5000.1,0.000,0.000
8,static_C,38,static_A,4h FLEDGE,39911,5000.1,0.000,0.000
16,A,39,,14e AA,24339,5000.2,553.547,553.196
16,B,39,A,14e AA,24339,5000.2,593.321,584.644
16,Bp,40,,14e AA,22942,5000.3,610.867,604.067
16,C,39,A,14e AA,24339,5000.2,529.311,521.763
16,static_A,39,,14e AA,23174,5000.2,0.000,0.000
16,static_B,39,static_A,14e AA,23174,5000.2,0.000,0.000
16,static_Bp,40,,14e AA,20201,5000.2,0.000,0.000
16,static_C,39,static_A,14e AA,23174,5000.2,0.000,0.000
24,A,29,,8c STOURIE,31797,5000.1,285.305,285.111
24,B,29,A,8c STOURIE,31797,5000.1,291.740,281.187
24,Bp,29,A,8c STOURIE,31797,5000.1,283.726,274.151
24,C,29,A,8c STOURIE,31797,5000.1,311.168,305.158
24,static_A,29,A,8c STOURIE,31797,5000.1,0.000,0.000
24,static_B,29,A,8c STOURIE,31797,5000.1,0.000,0.000
24,static_Bp,29,A,8c STOURIE,31797,5000.1,0.000,0.000
24,static_C,29,A,8c STOURIE,31797,5000.1,0.000,0.000
32,A,26,,15a InSULSE,14150,5000.2,850.661,848.688
32,B,26,A,15a InSULSE,14150,5000.2,897.466,865.767
32,Bp,26,A,15a InSULSE,14150,5000.2,933.235,895.928
32,C,26,A,15a InSULSE,14150,5000.2,882.457,845.227
32,static_A,26,,15a InSULSE,14507,5000.2,0.000,0.000
32,static_B,26,static_A,15a InSULSE,14507,5000.2,0.000,0.000
32,static_Bp,26,static_A,15a InSULSE,14507,5000.2,0.000,0.000
32,static_C,26,static_A,15a InSULSE,14507,5000.2,0.000,0.000
40,A,43,,13h TISSUIER,18941,5000.2,593.306,592.969
40,B,43,A,13h TISSUIER,18941,5000.2,616.945,614.321
40,Bp,42,,13h TISSUIER,19467,5000.2,618.620,616.641
40,C,43,A,13h TISSUIER,18941,5000.2,588.613,585.406
40,static_A,43,,13h TISSUIER,19114,5000.9,0.000,0.000
40,static_B,43,static_A,13h TISSUIER,19114,5000.9,0.000,0.000
40,static_Bp,42,,13h TISSUIER,18862,5000.1,0.000,0.000
40,static_C,43,static_A,13h TISSUIER,19114,5000.9,0.000,0.000
48,A,33,,8h OVOID,40103,5000.1,271.453,271.402
48,B,33,A,8h OVOID,40103,5000.1,300.791,299.678
48,Bp,31,,8h OVOID,39716,5000.1,309.680,308.587
48,C,33,A,8h OVOID,40103,5000.1,274.014,272.926
48,static_A,33,,8h OVOID,38846,5000.1,0.000,0.000
48,static_B,33,static_A,8h OVOID,38846,5000.1,0.000,0.000
48,static_Bp,31,,8h OVOID,38345,5000.1,0.000,0.000
48,static_C,33,static_A,8h OVOID,38846,5000.1,0.000,0.000
56,A,31,,14i HOISING,29768,5000.2,639.060,638.566
56,B,31,A,14i HOISING,29768,5000.2,392.667,390.408
56,Bp,32,,14i HOISING,28776,5001.5,477.294,475.086
56,C,31,A,14i HOISING,29768,5000.2,377.512,374.726
56,static_A,31,,14i HOISING,29880,5000.2,0.000,0.000
56,static_B,31,static_A,14i HOISING,29880,5000.2,0.000,0.000
56,static_Bp,32,,14i HOISING,30207,5000.2,0.000,0.000
56,static_C,31,static_A,14i HOISING,29880,5000.2,0.000,0.000
64,A,39,,a7 RIVO,25870,5000.1,461.528,461.233
64,B,41,,a7 RIVO,26434,5000.1,458.742,454.505
64,Bp,39,,a7 RIVO,26280,5000.2,475.258,471.127
64,C,41,B,a7 RIVO,26434,5000.1,511.360,507.180
64,static_A,39,,a7 RIVO,26388,5000.1,0.000,0.000
64,static_B,41,,a7 RIVO,26630,5000.2,0.000,0.000
64,static_Bp,39,static_A,a7 RIVO,26388,5000.1,0.000,0.000
64,static_C,41,static_B,a7 RIVO,26630,5000.2,0.000,0.000
72,A,40,,e9 JAG,26233,5000.1,561.096,560.929
72,B,40,,e9 JAG,26000,5000.1,554.614,553.465
72,Bp,38,,e9 JAG,26965,5000.2,586.131,585.013
72,C,41,,e9 JAG,26081,5000.2,549.334,547.369
72,static_A,40,,e9 JAG,26723,5000.2,0.000,0.000
72,static_B,40,static_A,e9 JAG,26723,5000.2,0.000,0.000
72,static_Bp,38,,e9 JAG,24626,5000.2,0.000,0.000
72,static_C,41,,e9 JAG,26149,5000.2,0.000,0.000
80,A,35,,b7 MOSQUE,9651,5000.3,1826.803,1825.933
80,B,35,A,b7 MOSQUE,9651,5000.3,1819.794,1809.768
80,Bp,36,,b7 MOSQUE,9869,5000.3,1857.849,1843.477
80,C,35,A,b7 MOSQUE,9651,5000.3,1912.324,1903.314
80,static_A,35,,b7 MOSQUE,9873,5000.9,0.000,0.000
80,static_B,35,static_A,b7 MOSQUE,9873,5000.9,0.000,0.000
80,static_Bp,36,,b7 MOSQUE,9898,5000.2,0.000,0.000
80,static_C,35,static_A,b7 MOSQUE,9873,5000.9,0.000,0.000
88,A,37,,j8 SEASING,21220,5000.6,420.845,420.593
88,B,36,,j8 SEASING,21463,5000.3,436.270,432.775
88,Bp,33,,j8 SEASING,21096,5000.2,443.652,437.579
88,C,37,A,j8 SEASING,21220,5000.6,459.726,452.194
88,static_A,37,,j8 SEASING,21411,5000.2,0.000,0.000
88,static_B,36,,j8 SEASING,21051,5000.1,0.000,0.000
88,static_Bp,33,,j8 SEASING,21018,5000.3,0.000,0.000
88,static_C,37,static_A,j8 SEASING,21411,5000.2,0.000,0.000
game,pool,count,same_as,chosen,iterations,wall_ms,nominate_ms,check_ms
1,A,29,,10b REALLIEs,20304,5000.3,742.156,737.041
1,B,30,,10b REALLIEs,19156,5000.3,750.746,698.937
1,Bp,37,,10b REALLIEs,20372,5000.1,771.756,701.738
1,C,30,B,10b REALLIEs,19156,5000.3,767.024,715.690
1,static_A,29,,10b REALLIEs,20287,5000.2,0.000,0.000
1,static_B,30,,10b REALLIEs,20214,5000.4,0.000,0.000
1,static_Bp,37,,10b REALLIEs,20371,5000.3,0.000,0.000
1,static_C,30,static_B,10b REALLIEs,20214,5000.4,0.000,0.000
9,A,49,,ex T,38876,5000.1,321.494,321.401
9,B,50,,ex T,40134,5000.1,320.184,317.331
9,Bp,45,,ex T,40386,5000.1,312.567,306.500
9,C,52,,ex T,40544,5000.1,314.913,312.109
9,static_A,49,,8g TI,37991,5000.1,0.000,0.000
9,static_B,50,,8g TI,38927,5000.1,0.000,0.000
9,static_Bp,45,,8g TI,38610,5000.1,0.000,0.000
9,static_C,52,,8g TI,39165,5000.2,0.000,0.000
17,A,35,,e2 IRID,30004,5000.1,346.968,346.768
17,B,37,,e2 IRID,30138,5000.3,354.981,353.127
17,Bp,34,,e2 IRID,30640,5000.2,341.186,340.300
17,C,37,B,e2 IRID,30138,5000.3,352.662,351.800
17,static_A,35,,e2 IRID,30528,5000.1,0.000,0.000
17,static_B,37,,e2 IRID,31723,5000.1,0.000,0.000
17,static_Bp,34,,e2 IRID,33653,5000.2,0.000,0.000
17,static_C,37,static_B,e2 IRID,31723,5000.1,0.000,0.000
25,A,44,,k3 NOO,25492,5000.4,699.697,699.528
25,B,43,,k3 NOO,25650,5000.1,486.620,480.470
25,Bp,42,,k3 NOO,25417,5000.2,482.123,480.484
25,C,44,A,k3 NOO,25492,5000.4,524.803,523.209
25,static_A,44,,k3 NOO,26802,5000.1,0.000,0.000
25,static_B,43,,k3 NOO,25852,5000.0,0.000,0.000
25,static_Bp,42,,k3 NOO,26357,5000.1,0.000,0.000
25,static_C,44,static_A,k3 NOO,26802,5000.1,0.000,0.000
33,A,40,,8d WAIDE,39899,5000.1,344.137,344.092
33,B,39,,8d WAIDE,40300,5000.1,339.295,338.572
33,Bp,33,,8d WAIDE,40459,5000.2,308.836,308.112
33,C,41,,8d WAIDE,40245,5000.1,315.864,315.146
33,static_A,40,,8d WAIDE,41417,5000.1,0.000,0.000
33,static_B,39,,8d WAIDE,39759,5000.1,0.000,0.000
33,static_Bp,33,,8d WAIDE,39905,5000.3,0.000,0.000
33,static_C,41,,8d WAIDE,40096,5000.1,0.000,0.000
41,A,34,,2c COWP,18335,5000.1,503.832,503.529
41,B,34,A,2c COWP,18335,5000.1,515.573,514.731
41,Bp,35,,2c COWP,20742,5000.6,502.563,501.733
41,C,34,A,2c COWP,18335,5000.1,471.704,470.862
41,static_A,34,,2c COWP,20646,5000.1,0.000,0.000
41,static_B,34,static_A,2c COWP,20646,5000.1,0.000,0.000
41,static_Bp,35,,2c COWP,20436,5000.2,0.000,0.000
41,static_C,34,static_A,2c COWP,20646,5000.1,0.000,0.000
49,A,42,,b10 CANGLE,21337,5000.3,539.989,539.567
49,B,43,,b10 CANGLE,22047,5000.1,553.698,550.574
49,Bp,41,,b10 CANGLE,21926,5000.2,547.653,543.035
49,C,43,B,b10 CANGLE,22047,5000.1,554.521,550.399
49,static_A,42,,b10 CANGLE,21481,5000.1,0.000,0.000
49,static_B,43,,b10 CANGLE,21757,5000.2,0.000,0.000
49,static_Bp,41,,b10 CANGLE,21459,5000.1,0.000,0.000
49,static_C,43,static_B,b10 CANGLE,21757,5000.2,0.000,0.000
57,A,43,,e4 NONGUiLT,30700,5000.3,445.428,444.898
57,B,43,A,e4 NONGUiLT,30700,5000.3,474.093,453.591
57,Bp,39,,e4 NONGUiLT,30618,5000.1,486.867,466.451
57,C,43,A,e4 NONGUiLT,30700,5000.3,478.961,453.649
57,static_A,43,,e4 NONGUiLT,31017,5000.1,0.000,0.000
57,static_B,43,static_A,e4 NONGUiLT,31017,5000.1,0.000,0.000
57,static_Bp,39,,e4 NONGUiLT,30388,5000.2,0.000,0.000
57,static_C,43,static_A,e4 NONGUiLT,31017,5000.1,0.000,0.000
65,A,34,,n1 ABEIGH,24974,5000.1,581.131,580.889
65,B,34,A,n1 ABEIGH,24974,5000.1,621.612,619.463
65,Bp,34,A,n1 ABEIGH,24974,5000.1,534.120,532.143
65,C,34,A,n1 ABEIGH,24974,5000.1,595.121,590.934
65,static_A,34,,n1 ABEIGH,25605,5000.2,0.000,0.000
65,static_B,34,static_A,n1 ABEIGH,25605,5000.2,0.000,0.000
65,static_Bp,34,static_A,n1 ABEIGH,25605,5000.2,0.000,0.000
65,static_C,34,static_A,n1 ABEIGH,25605,5000.2,0.000,0.000
73,A,37,,12a ENDEW,24571,5000.5,526.627,526.343
73,B,36,,k4 FEWTER,23712,5000.2,537.122,536.354
73,Bp,36,,12a ENDEW,24332,5000.1,522.256,521.503
73,C,37,A,12a ENDEW,24571,5000.5,537.599,536.846
73,static_A,37,,12a ENDEW,23017,5000.1,0.000,0.000
73,static_B,36,,12a ENDEW,23489,5000.1,0.000,0.000
73,static_Bp,36,static_B,12a ENDEW,23489,5000.1,0.000,0.000
73,static_C,37,static_A,12a ENDEW,23017,5000.1,0.000,0.000
81,A,38,,c8 CAVERN,20891,5000.1,605.591,604.879
81,B,38,A,c8 CAVERN,20891,5000.1,554.302,548.564
81,Bp,38,,c8 CAVERN,20752,5000.4,568.857,562.972
81,C,38,A,c8 CAVERN,20891,5000.1,623.476,612.039
81,static_A,38,,c8 CAVERN,20924,5000.1,0.000,0.000
81,static_B,38,static_A,c8 CAVERN,20924,5000.1,0.000,0.000
81,static_Bp,38,static_A,c8 CAVERN,20924,5000.1,0.000,0.000
81,static_C,38,static_A,c8 CAVERN,20924,5000.1,0.000,0.000
89,A,33,,14h CREDIBLE,37245,5000.1,286.247,285.901
89,B,33,A,14h CREDIBLE,37245,5000.1,298.361,296.496
89,Bp,32,,14h CREDIBLE,36774,5000.1,303.550,301.824
89,C,33,A,14h CREDIBLE,37245,5000.1,297.323,295.581
89,static_A,33,,14h CREDIBLE,38316,5000.1,0.000,0.000
89,static_B,33,static_A,14h CREDIBLE,38316,5000.1,0.000,0.000
89,static_Bp,32,,14h CREDIBLE,41138,5000.1,0.000,0.000
89,static_C,33,static_A,14h CREDIBLE,38316,5000.1,0.000,0.000
game,pool,count,same_as,chosen,iterations,wall_ms,nominate_ms,check_ms
2,A,34,,o7 RESOLES,23566,5000.5,502.429,501.511
2,B,34,A,o7 RESOLES,23566,5000.5,512.353,507.507
2,Bp,33,,o7 RESOLES,22223,5000.2,467.569,459.983
2,C,34,A,o7 RESOLES,23566,5000.5,507.409,501.292
2,static_A,34,,o7 RESOLES,23688,5000.1,0.000,0.000
2,static_B,34,static_A,o7 RESOLES,23688,5000.1,0.000,0.000
2,static_Bp,33,,o7 RESOLES,23546,5000.2,0.000,0.000
2,static_C,34,static_A,o7 RESOLES,23688,5000.1,0.000,0.000
10,A,38,,15a OUtCRIED,29911,5000.1,475.050,472.258
10,B,42,,15a OUtCRIED,30640,5000.1,551.299,487.486
10,Bp,39,,15a OUtCRIED,29861,5001.2,537.411,482.000
10,C,43,,15a OUtCRIED,29408,5000.1,519.273,473.414
10,static_A,38,,15a OUtCRIED,29824,5000.1,0.000,0.000
10,static_B,42,,15a OUtCRIED,30811,5000.3,0.000,0.000
10,static_Bp,39,,15a OUtCRIED,29814,5000.1,0.000,0.000
10,static_C,43,,15a OUtCRIED,30366,5000.4,0.000,0.000
18,A,37,,o1 HOW,27415,5000.1,462.952,462.665
18,B,37,,o1 HOW,26992,5000.1,497.593,487.413
18,Bp,28,,o1 HOW,24892,5000.2,493.781,486.274
18,C,38,,o1 HOW,24615,5000.1,471.536,462.745
18,static_A,37,,o1 HOW,26149,5000.1,0.000,0.000
18,static_B,37,static_A,o1 HOW,26149,5000.1,0.000,0.000
18,static_Bp,28,,o1 HOW,26394,5000.2,0.000,0.000
18,static_C,38,,o1 HOW,26025,5000.1,0.000,0.000
26,A,34,,5c LAnDFORM,23835,5000.1,469.941,468.361
26,B,34,,5c LAnDFORM,25015,5000.2,529.251,492.516
26,Bp,32,,5c LAnDFORM,25590,5000.2,550.386,511.211
26,C,35,,5c LAnDFORM,24748,5000.2,539.073,500.961
26,static_A,34,,5c LAnDFORM,24912,5000.1,0.000,0.000
26,static_B,34,static_A,5c LAnDFORM,24912,5000.1,0.000,0.000
26,static_Bp,32,,5c LAnDFORM,25512,5000.1,0.000,0.000
26,static_C,35,,5c LAnDFORM,26303,5000.1,0.000,0.000
34,A,36,,3e uRETHRAL,20663,5000.6,706.274,703.881
34,B,39,,3e uRETHRAL,20796,5000.2,793.373,725.802
34,Bp,37,,3e uRETHRAL,21101,5000.4,774.561,717.428
34,C,39,B,3e uRETHRAL,20796,5000.2,798.086,750.913
34,static_A,36,,3e uRETHRAL,21125,5000.2,0.000,0.000
34,static_B,39,,3e uRETHRAL,20850,5000.2,0.000,0.000
34,static_Bp,37,,3e uRETHRAL,20799,5000.1,0.000,0.000
34,static_C,39,static_B,3e uRETHRAL,20850,5000.2,0.000,0.000
42,A,44,,8d XOANA,39503,5000.1,314.586,314.423
42,B,43,,8d XOANA,39747,5000.2,320.126,318.372
42,Bp,42,,8d XOANA,34288,5000.1,315.581,314.410
42,C,44,A,8d XOANA,39503,5000.1,309.936,307.342
42,static_A,44,,8d XOANA,37370,5000.1,0.000,0.000
42,static_B,43,,8d XOANA,38410,5000.1,0.000,0.000
42,static_Bp,42,,8d XOANA,37300,5000.4,0.000,0.000
42,static_C,44,static_A,8d XOANA,37370,5000.1,0.000,0.000
50,A,41,,i5 GREX,23283,5000.3,600.791,600.662
50,B,40,,i5 GREX,23481,5000.0,605.122,603.886
50,Bp,40,,i5 GREX,23187,5000.1,561.965,561.437
50,C,41,A,i5 GREX,23283,5000.3,592.935,592.438
50,static_A,41,,i5 GREX,23726,5000.2,0.000,0.000
50,static_B,40,,i5 GREX,23837,5000.2,0.000,0.000
50,static_Bp,40,static_B,i5 GREX,23837,5000.2,0.000,0.000
50,static_C,41,static_A,i5 GREX,23726,5000.2,0.000,0.000
58,A,38,,d6 REFOUND,22855,5000.2,523.866,523.557
58,B,38,A,d6 REFOUND,22855,5000.2,470.500,469.436
58,Bp,36,,d6 REFOUND,22918,5000.1,509.456,508.469
58,C,38,A,d6 REFOUND,22855,5000.2,478.931,477.924
58,static_A,38,,d6 REFOUND,23496,5000.1,0.000,0.000
58,static_B,38,static_A,d6 REFOUND,23496,5000.1,0.000,0.000
58,static_Bp,36,,d6 REFOUND,23088,5000.1,0.000,0.000
58,static_C,38,static_A,d6 REFOUND,23496,5000.1,0.000,0.000
66,A,30,,11d RAGMENTS,22666,5000.1,468.068,467.574
66,B,30,A,11d RAGMENTS,22666,5000.1,459.070,435.862
66,Bp,29,,11d RAGMENTS,23202,5000.1,484.687,459.032
66,C,30,A,11d RAGMENTS,22666,5000.1,492.469,470.231
66,static_A,30,,11d RAGMENTS,23502,5000.1,0.000,0.000
66,static_B,30,static_A,11d RAGMENTS,23502,5000.1,0.000,0.000
66,static_Bp,29,,11d RAGMENTS,23285,5000.1,0.000,0.000
66,static_C,30,static_A,11d RAGMENTS,23502,5000.1,0.000,0.000
74,A,33,,a8 REINDuCE,24881,5000.5,566.326,562.470
74,B,33,A,a8 REINDuCE,24881,5000.5,594.150,551.727
74,Bp,33,,a8 REINDuCE,24255,5000.4,622.049,586.035
74,C,33,A,a8 REINDuCE,24881,5000.5,618.288,585.263
74,static_A,33,,a8 REINDuCE,24225,5000.1,0.000,0.000
74,static_B,33,static_A,a8 REINDuCE,24225,5000.1,0.000,0.000
74,static_Bp,33,static_A,a8 REINDuCE,24225,5000.1,0.000,0.000
74,static_C,33,static_A,a8 REINDuCE,24225,5000.1,0.000,0.000
82,A,39,,l8 KILEY,22955,5000.1,496.446,496.183
82,B,39,A,l8 KILEY,22955,5000.1,473.724,471.692
82,Bp,38,,l8 KILEY,23161,5000.2,486.858,484.757
82,C,39,A,l8 KILEY,22955,5000.1,498.322,495.455
82,static_A,39,,l8 KILEY,22822,5000.2,0.000,0.000
82,static_B,39,static_A,l8 KILEY,22822,5000.2,0.000,0.000
82,static_Bp,38,,l8 KILEY,23114,5000.2,0.000,0.000
82,static_C,39,static_A,l8 KILEY,22822,5000.2,0.000,0.000
90,A,30,,10e nEWELLS,29274,5000.1,496.291,494.228
90,B,30,A,10e nEWELLS,29274,5000.1,564.353,540.619
90,Bp,29,,10e nEWELLS,29899,5000.2,539.969,510.244
90,C,30,A,10e nEWELLS,29274,5000.1,569.666,543.393
90,static_A,30,,10e nEWELLS,31686,5000.4,0.000,0.000
90,static_B,30,static_A,10e nEWELLS,31686,5000.4,0.000,0.000
90,static_Bp,29,,10e nEWELLS,32419,5000.2,0.000,0.000
90,static_C,30,static_A,10e nEWELLS,31686,5000.4,0.000,0.000
game,pool,count,same_as,chosen,iterations,wall_ms,nominate_ms,check_ms
3,A,35,,11k AE,38863,5000.3,336.246,333.571
3,B,35,A,11k AE,38863,5000.3,336.858,336.294
3,Bp,34,,11k AE,37861,5000.1,319.792,319.553
3,C,35,A,11k AE,38863,5000.3,292.131,291.598
3,static_A,35,,11k AE,38050,5000.1,0.000,0.000
3,static_B,35,static_A,11k AE,38050,5000.1,0.000,0.000
3,static_Bp,34,,11k AE,39585,5000.2,0.000,0.000
3,static_C,35,static_A,11k AE,38050,5000.1,0.000,0.000
11,A,26,,j2 IDYLL,14335,5001.2,713.438,713.046
11,B,26,A,j2 IDYLL,14335,5001.2,760.855,758.651
11,Bp,26,A,j2 IDYLL,14335,5001.2,739.031,734.522
11,C,26,A,j2 IDYLL,14335,5001.2,768.807,766.018
11,static_A,26,,j2 IDYLL,14777,5000.2,0.000,0.000
11,static_B,26,static_A,j2 IDYLL,14777,5000.2,0.000,0.000
11,static_Bp,26,static_A,j2 IDYLL,14777,5000.2,0.000,0.000
11,static_C,26,static_A,j2 IDYLL,14777,5000.2,0.000,0.000
19,A,37,,7e KEROgEN,18566,5000.6,810.273,807.756
19,B,38,,7e KEROgEN,18666,5000.1,814.528,783.552
19,Bp,37,,7e KEROgEN,18458,5000.1,854.265,827.436
19,C,38,B,7e KEROgEN,18666,5000.1,825.336,794.769
19,static_A,37,,7e KEROgEN,18213,5000.1,0.000,0.000
19,static_B,38,,7e KEROgEN,18613,5000.1,0.000,0.000
19,static_Bp,37,static_A,7e KEROgEN,18213,5000.1,0.000,0.000
19,static_C,38,static_B,7e KEROgEN,18613,5000.1,0.000,0.000
27,A,32,,7b QI,26417,5000.7,469.493,469.341
27,B,33,,7b QI,26621,5000.2,449.758,449.410
27,Bp,33,B,7b QI,26621,5000.2,418.703,418.116
27,C,34,,7b QI,27559,5000.2,415.987,415.699
27,static_A,32,,7b QI,28319,5000.2,0.000,0.000
27,static_B,33,,7b QI,28999,5000.2,0.000,0.000
27,static_Bp,33,static_B,7b QI,28999,5000.2,0.000,0.000
27,static_C,34,,7b QI,28910,5000.1,0.000,0.000
35,A,32,,o8 RENTABLE,20168,5000.2,517.906,517.373
35,B,32,A,o8 RENTABLE,20168,5000.2,553.490,546.819
35,Bp,32,,o8 RENTABLE,20764,5000.2,570.656,558.577
35,C,32,A,o8 RENTABLE,20168,5000.2,548.853,536.908
35,static_A,32,,o8 RENTABLE,20762,5000.2,0.000,0.000
35,static_B,32,static_A,o8 RENTABLE,20762,5000.2,0.000,0.000
35,static_Bp,32,static_A,o8 RENTABLE,20762,5000.2,0.000,0.000
35,static_C,32,static_A,o8 RENTABLE,20762,5000.2,0.000,0.000
43,A,32,,a1 ZING,21460,5000.1,552.700,552.287
43,B,32,,a1 ZING,21697,5000.2,581.395,579.701
43,Bp,31,,a1 ZING,21762,5000.2,583.685,580.319
43,C,33,,a1 ZING,21265,5000.5,592.774,591.142
43,static_A,32,,a1 ZING,21535,5000.2,0.000,0.000
43,static_B,32,static_A,a1 ZING,21535,5000.2,0.000,0.000
43,static_Bp,31,,a1 ZING,21687,5000.2,0.000,0.000
43,static_C,33,,a1 ZING,21475,5000.2,0.000,0.000
51,A,37,,h8 ROUCHING,25628,5000.5,418.232,417.943
51,B,37,A,h8 ROUCHING,25628,5000.5,458.229,454.483
51,Bp,35,,h8 ROUCHING,24753,5000.1,442.061,436.912
51,C,37,A,h8 ROUCHING,25628,5000.5,462.991,459.959
51,static_A,37,,h8 ROUCHING,21077,5000.3,0.000,0.000
51,static_B,37,static_A,h8 ROUCHING,21077,5000.3,0.000,0.000
51,static_Bp,35,,h8 ROUCHING,23397,5000.4,0.000,0.000
51,static_C,37,static_A,h8 ROUCHING,21077,5000.3,0.000,0.000
59,A,42,,13g GEN,22270,5000.3,600.408,600.077
59,B,41,,13g GEN,21441,5000.1,618.495,615.554
59,Bp,39,,13g GEN,22172,5000.1,600.854,599.054
59,C,42,A,13g GEN,22270,5000.3,643.624,641.504
59,static_A,42,,13g GEN,22582,5000.2,0.000,0.000
59,static_B,41,,7m GI,22782,5000.1,0.000,0.000
59,static_Bp,39,,7m GI,23060,5000.1,0.000,0.000
59,static_C,42,static_A,13g GEN,22582,5000.2,0.000,0.000
67,A,37,,c6 EGOITIEs,21038,5000.3,566.134,564.529
67,B,37,A,c6 EGOITIEs,21038,5000.3,603.252,572.772
67,Bp,36,,c6 EGOITIEs,20881,5000.2,637.006,614.602
67,C,37,A,c6 EGOITIEs,21038,5000.3,571.761,552.999
67,static_A,37,,c6 EGOITIEs,20975,5000.1,0.000,0.000
67,static_B,37,static_A,c6 EGOITIEs,20975,5000.1,0.000,0.000
67,static_Bp,36,,c6 EGOITIEs,21269,5000.2,0.000,0.000
67,static_C,37,static_A,c6 EGOITIEs,20975,5000.1,0.000,0.000
75,A,35,,7h OILY,32847,5000.1,399.250,399.143
75,B,36,,7h OILY,33801,5000.1,382.230,381.347
75,Bp,33,,7h OILY,32699,5000.1,388.819,387.954
75,C,37,,7h OILY,33196,5000.1,360.874,360.015
75,static_A,35,,7h OILY,34114,5000.2,0.000,0.000
75,static_B,36,,7h OILY,33788,5000.1,0.000,0.000
75,static_Bp,33,,7h OILY,33926,5000.4,0.000,0.000
75,static_C,37,,7h OILY,34089,5000.2,0.000,0.000
83,A,47,,l3 PERONE,13469,5000.2,883.087,882.707
83,B,48,,l3 PERONE,13633,5000.2,838.082,827.646
83,Bp,46,,l3 PERONE,13736,5000.2,902.087,892.275
83,C,48,B,l3 PERONE,13633,5000.2,923.089,913.508
83,static_A,47,,l3 PERONE,13814,5000.4,0.000,0.000
83,static_B,48,,l3 PERONE,13563,5000.1,0.000,0.000
83,static_Bp,46,,l3 PERONE,14008,5000.3,0.000,0.000
83,static_C,48,static_B,l3 PERONE,13563,5000.1,0.000,0.000
91,A,39,,o1 TREHALAS,25697,5000.1,376.781,376.391
91,B,39,A,o1 TREHALAS,25697,5000.1,377.971,368.139
91,Bp,34,,o1 TREHALAS,25982,5000.1,408.636,398.511
91,C,39,A,o1 TREHALAS,25697,5000.1,409.798,397.748
91,static_A,39,,o1 TREHALAS,26669,5000.1,0.000,0.000
91,static_B,39,static_A,o1 TREHALAS,26669,5000.1,0.000,0.000
91,static_Bp,34,,o1 TREHALAS,26889,5000.1,0.000,0.000
91,static_C,39,static_A,o1 TREHALAS,26669,5000.1,0.000,0.000
game,pool,count,same_as,chosen,iterations,wall_ms,nominate_ms,check_ms
4,A,38,,n7 DEVOTIOn,21660,5001.0,665.659,662.110
4,B,37,,n7 DEVOTIOn,20450,5006.1,597.616,578.751
4,Bp,37,,n7 DEVOTIOn,21948,5000.1,616.526,594.986
4,C,38,A,n7 DEVOTIOn,21660,5001.0,588.328,564.288
4,static_A,38,,n7 DEVOTIOn,21562,5009.9,0.000,0.000
4,static_B,37,,n7 DEVOTIOn,22359,5000.2,0.000,0.000
4,static_Bp,37,static_B,n7 DEVOTIOn,22359,5000.2,0.000,0.000
4,static_C,38,static_A,n7 DEVOTIOn,21562,5009.9,0.000,0.000
12,A,29,,4c AYU,24939,5000.3,462.832,462.709
12,B,29,A,4c AYU,24939,5000.3,464.493,460.974
12,Bp,29,,4c AYU,25216,5000.1,434.919,433.339
12,C,29,A,4c AYU,24939,5000.3,529.725,528.122
12,static_A,29,,4c AYU,24252,5000.3,0.000,0.000
12,static_B,29,static_A,4c AYU,24252,5000.3,0.000,0.000
12,static_Bp,29,static_A,4c AYU,24252,5000.3,0.000,0.000
12,static_C,29,static_A,4c AYU,24252,5000.3,0.000,0.000
20,A,34,,a11 DECAD,18183,5000.2,678.327,677.988
20,B,34,A,a11 DECAD,18183,5000.2,615.261,612.567
20,Bp,34,A,a11 DECAD,18183,5000.2,682.465,679.815
20,C,34,A,a11 DECAD,18183,5000.2,641.562,635.451
20,static_A,34,,a11 DECAD,18146,5000.2,0.000,0.000
20,static_B,34,static_A,a11 DECAD,18146,5000.2,0.000,0.000
20,static_Bp,34,static_A,a11 DECAD,18146,5000.2,0.000,0.000
20,static_C,34,static_A,a11 DECAD,18146,5000.2,0.000,0.000
28,A,38,,m2 RIEViNG,30272,5000.3,429.488,428.714
28,B,38,A,m2 RIEViNG,30272,5000.3,467.330,444.745
28,Bp,38,A,m2 RIEViNG,30272,5000.3,500.555,482.901
28,C,38,A,m2 RIEViNG,30272,5000.3,476.108,456.010
28,static_A,38,,m2 REVyING,31997,5000.1,0.000,0.000
28,static_B,38,static_A,m2 REVyING,31997,5000.1,0.000,0.000
28,static_Bp,38,static_A,m2 REVyING,31997,5000.1,0.000,0.000
28,static_C,38,static_A,m2 REVyING,31997,5000.1,0.000,0.000
36,A,33,,b12 AIA,29588,5000.4,364.074,363.981
36,B,32,,b12 AIA,29479,5000.1,358.876,357.821
36,Bp,28,,b12 AIA,28913,5002.2,361.878,359.695
36,C,34,,b12 AIA,26707,5000.2,381.080,380.044
36,static_A,33,,b12 AIA,28907,5000.3,0.000,0.000
36,static_B,32,,b12 AIA,28253,5000.1,0.000,0.000
36,static_Bp,28,,b12 AIA,28478,5000.1,0.000,0.000
36,static_C,34,,b12 AIA,28974,5000.1,0.000,0.000
44,A,48,,5b HUER,35259,5000.1,387.568,387.345
44,B,48,A,5b HUER,35259,5000.1,365.611,364.202
44,Bp,46,,5b HUER,35041,5000.1,392.204,388.744
44,C,48,A,5b HUER,35259,5000.1,367.084,365.764
44,static_A,48,,5b HUER,34012,5000.1,0.000,0.000
44,static_B,48,static_A,5b HUER,34012,5000.1,0.000,0.000
44,static_Bp,46,,5b HUER,35029,5000.2,0.000,0.000
44,static_C,48,static_A,5b HUER,34012,5000.1,0.000,0.000
52,A,35,,1h SYNEcHIA,23039,5000.3,619.899,617.966
52,B,34,,1h SYNEcHIA,23455,5000.5,626.738,601.862
52,Bp,32,,1h SYNEcHIA,23611,5000.4,636.936,603.269
52,C,35,A,1h SYNEcHIA,23039,5000.3,652.471,605.075
52,static_A,35,,1h SYNEcHIA,23535,5000.3,0.000,0.000
52,static_B,34,,1h SYNEcHIA,23810,5000.5,0.000,0.000
52,static_Bp,32,,1h SYNEcHIA,22233,5000.2,0.000,0.000
52,static_C,35,static_A,1h SYNEcHIA,23535,5000.3,0.000,0.000
60,A,35,,14a QI,26415,5000.1,614.782,614.430
60,B,36,,14a QI,26612,5000.1,598.531,589.961
60,Bp,34,,14a QI,26359,5000.2,630.308,622.516
60,C,36,B,14a QI,26612,5000.1,637.986,620.332
60,static_A,35,,14a QI,26000,5000.2,0.000,0.000
60,static_B,36,,14a QI,25356,5000.1,0.000,0.000
60,static_Bp,34,,14a QI,25965,5000.1,0.000,0.000
60,static_C,36,static_B,14a QI,25356,5000.1,0.000,0.000
68,A,40,,f9 SKEG,18037,5000.2,937.719,936.416
68,B,40,A,f9 SKEG,18037,5000.2,929.861,909.910
68,Bp,40,,f9 SKEG,17346,5000.2,961.355,928.027
68,C,40,A,f9 SKEG,18037,5000.2,998.061,972.172
68,static_A,40,,f9 SKEG,17443,5000.1,0.000,0.000
68,static_B,40,static_A,f9 SKEG,17443,5000.1,0.000,0.000
68,static_Bp,40,static_A,f9 SKEG,17443,5000.1,0.000,0.000
68,static_C,40,static_A,f9 SKEG,17443,5000.1,0.000,0.000
76,A,35,,i1 RABBONIS,30188,5000.2,372.115,371.738
76,B,36,,i1 RABBONIS,29384,5000.3,415.325,410.369
76,Bp,34,,i1 RABBONIS,29818,5000.1,379.664,376.395
76,C,37,,i1 RABBONIS,30956,5000.1,376.930,371.537
76,static_A,35,,i1 RABBONIS,31134,5000.1,0.000,0.000
76,static_B,36,,i1 RABBONIS,30567,5000.1,0.000,0.000
76,static_Bp,34,,i1 RABBONIS,29999,5000.1,0.000,0.000
76,static_C,37,,i1 RABBONIS,29909,5000.1,0.000,0.000
84,A,41,,i7 DOY,35312,5000.1,356.405,356.089
84,B,42,,i7 DOY,34699,5000.2,358.442,344.921
84,Bp,42,,i7 DOY,34589,5000.1,358.312,351.935
84,C,43,,i7 DOY,34902,5000.1,334.203,328.099
84,static_A,41,,i7 DOY,35306,5000.2,0.000,0.000
84,static_B,42,,i7 DOY,34427,5000.2,0.000,0.000
84,static_Bp,42,static_B,i7 DOY,34427,5000.2,0.000,0.000
84,static_C,43,,i7 DOY,34911,5000.2,0.000,0.000
92,A,45,,15l VEGO,25487,5000.2,488.610,488.293
92,B,44,,15l VEGO,25111,5000.2,523.277,521.769
92,Bp,44,,15l VEGO,25723,5000.2,526.559,525.120
92,C,45,A,15l VEGO,25487,5000.2,566.022,563.697
92,static_A,45,,15l VEGO,27790,5000.2,0.000,0.000
92,static_B,44,,15l VEGO,27533,5000.2,0.000,0.000
92,static_Bp,44,static_B,15l VEGO,27533,5000.2,0.000,0.000
92,static_C,45,static_A,15l VEGO,27790,5000.2,0.000,0.000
game,pool,count,same_as,chosen,iterations,wall_ms,nominate_ms,check_ms
5,A,42,,1a YEOW,24430,5000.3,606.392,605.142
5,B,42,A,1a YEOW,24430,5000.3,565.827,557.137
5,Bp,40,,1a YEOW,23575,5000.1,567.360,563.695
5,C,42,A,1a YEOW,24430,5000.3,556.796,553.147
5,static_A,42,,1a YEOW,24669,5000.2,0.000,0.000
5,static_B,42,static_A,1a YEOW,24669,5000.2,0.000,0.000
5,static_Bp,40,,1a YEOW,24481,5000.6,0.000,0.000
5,static_C,42,static_A,1a YEOW,24669,5000.2,0.000,0.000
13,A,30,,1a CHLORaTE,21323,5000.1,585.905,582.404
13,B,31,,1a CHLORaTE,21706,5000.3,649.197,592.388
13,Bp,29,,1a CHLORaTE,20601,5000.3,640.116,587.752
13,C,32,,1a CHLORaTE,21133,5000.5,625.455,582.227
13,static_A,30,,1a CHLORaTE,22030,5000.4,0.000,0.000
13,static_B,31,,1a CHLORaTE,21554,5000.1,0.000,0.000
13,static_Bp,29,,1a CHLORaTE,21642,5000.1,0.000,0.000
13,static_C,32,,1a CHLORaTE,21477,5000.1,0.000,0.000
21,A,46,,13g TRACTORS,22370,5000.1,476.615,476.183
21,B,47,,13g TRACTORS,21776,5000.2,481.842,477.332
21,Bp,45,,13g TRACTORS,20236,5000.3,521.829,517.307
21,C,48,,13g TRACTORS,20121,5000.1,485.162,480.681
21,static_A,46,,13g TRACTORS,20756,5000.0,0.000,0.000
21,static_B,47,,13g TRACTORS,21023,5000.3,0.000,0.000
21,static_Bp,45,,13g TRACTORS,21808,5000.1,0.000,0.000
21,static_C,48,,13g TRACTORS,23052,5000.1,0.000,0.000
29,A,30,,6i VYINGS,18089,5000.6,674.447,674.260
29,B,30,A,6i VYINGS,18089,5000.6,624.926,624.148
29,Bp,29,,6i VYINGS,17749,5000.2,683.058,682.375
29,C,30,A,6i VYINGS,18089,5000.6,620.119,619.390
29,static_A,30,,6i VYINGS,18522,5000.2,0.000,0.000
29,static_B,30,static_A,6i VYINGS,18522,5000.2,0.000,0.000
29,static_Bp,29,,6i VYINGS,18312,5000.1,0.000,0.000
29,static_C,30,static_A,6i VYINGS,18522,5000.2,0.000,0.000
37,A,36,,3g PEDI,18793,5000.3,596.498,596.203
37,B,37,,3g PEDI,18772,5000.4,611.436,605.664
37,Bp,37,,3g PEDI,19205,5000.2,639.017,631.722
37,C,37,B,3g PEDI,18772,5000.4,604.066,596.467
37,static_A,36,,3g PEDI,19123,5000.1,0.000,0.000
37,static_B,37,,3g PEDI,19807,5000.5,0.000,0.000
37,static_Bp,37,static_B,3g PEDI,19807,5000.5,0.000,0.000
37,static_C,37,static_B,3g PEDI,19807,5000.5,0.000,0.000
45,A,42,,5d CIT,34146,5000.1,353.572,353.305
45,B,43,,5d CIT,34470,5000.3,343.832,342.185
45,Bp,41,,5d CIT,33445,5000.1,341.276,339.616
45,C,43,B,5d CIT,34470,5000.3,332.054,330.406
45,static_A,42,,5d CIT,33645,5000.1,0.000,0.000
45,static_B,43,,5d CIT,31626,5000.2,0.000,0.000
45,static_Bp,41,,5d CIT,30211,5000.4,0.000,0.000
45,static_C,43,static_B,5d CIT,31626,5000.2,0.000,0.000
53,A,35,,o9 QUiNINE,71633,5000.1,275.434,273.867
53,B,35,A,o9 QUiNINE,71633,5000.1,267.443,256.895
53,Bp,33,,o9 QUiNINE,75797,5000.1,267.927,250.430
53,C,35,A,o9 QUiNINE,71633,5000.1,279.710,265.913
53,static_A,35,,o9 QUiNINE,75690,5000.3,0.000,0.000
53,static_B,35,static_A,o9 QUiNINE,75690,5000.3,0.000,0.000
53,static_Bp,33,,o9 QUiNINE,77278,5000.1,0.000,0.000
53,static_C,35,static_A,o9 QUiNINE,75690,5000.3,0.000,0.000
61,A,41,,1f TAMPON,24743,5000.2,503.192,502.958
61,B,40,,1f TAMPON,25043,5000.1,481.424,476.319
61,Bp,37,,1f TAMPON,24872,5000.6,454.775,451.403
61,C,41,A,1f TAMPON,24743,5000.2,435.649,431.172
61,static_A,41,,1f TAMPON,24909,5000.3,0.000,0.000
61,static_B,40,,1f TAMPON,24826,5000.1,0.000,0.000
61,static_Bp,37,,1f TAMPON,25134,5000.4,0.000,0.000
61,static_C,41,static_A,1f TAMPON,24909,5000.3,0.000,0.000
69,A,39,,j3 WOAD,27888,5000.1,443.335,443.121
69,B,39,A,j3 WOAD,27888,5000.1,428.496,422.670
69,Bp,38,,j3 WOAD,27973,5000.1,420.433,415.944
69,C,39,A,j3 WOAD,27888,5000.1,693.516,689.033
69,static_A,39,,j3 WOAD,28441,5000.1,0.000,0.000
69,static_B,39,static_A,j3 WOAD,28441,5000.1,0.000,0.000
69,static_Bp,38,,j3 WOAD,27873,5000.2,0.000,0.000
69,static_C,39,static_A,j3 WOAD,28441,5000.1,0.000,0.000
77,A,38,,11g VIAND,33999,5000.2,394.460,394.255
77,B,38,A,11g VIAND,33999,5000.2,349.411,348.523
77,Bp,36,,11g VIAND,33263,5000.1,374.615,373.710
77,C,38,A,11g VIAND,33999,5000.2,356.323,355.436
77,static_A,38,,11g VIAND,33194,5000.1,0.000,0.000
77,static_B,38,static_A,11g VIAND,33194,5000.1,0.000,0.000
77,static_Bp,36,,11g VIAND,33635,5000.2,0.000,0.000
77,static_C,38,static_A,11g VIAND,33194,5000.1,0.000,0.000
85,A,38,,4h ATHETOID,16437,5000.2,708.694,708.185
85,B,37,,4h ATHETOID,16273,5000.3,731.377,724.452
85,Bp,35,,4h ATHETOID,16321,5000.1,726.480,720.067
85,C,38,A,4h ATHETOID,16437,5000.2,686.110,675.145
85,static_A,38,,4h ATHETOID,15915,5000.2,0.000,0.000
85,static_B,37,,4h ATHETOID,15927,5000.2,0.000,0.000
85,static_Bp,35,,4h ATHETOID,16150,5000.4,0.000,0.000
85,static_C,38,static_A,4h ATHETOID,15915,5000.2,0.000,0.000
93,A,44,,c12 OUPH,31175,5000.1,424.833,424.601
93,B,44,A,c12 OUPH,31175,5000.1,415.889,407.830
93,Bp,46,,c12 OUPH,32005,5000.2,433.956,429.084
93,C,44,A,c12 OUPH,31175,5000.1,425.308,419.974
93,static_A,44,,c12 OUPH,34067,5000.1,0.000,0.000
93,static_B,44,static_A,c12 OUPH,34067,5000.1,0.000,0.000
93,static_Bp,46,,c12 OUPH,34262,5000.1,0.000,0.000
93,static_C,44,static_A,c12 OUPH,34067,5000.1,0.000,0.000
game,pool,count,same_as,chosen,iterations,wall_ms,nominate_ms,check_ms
6,A,38,,h12 HONG,27274,5000.7,523.383,522.899
6,B,39,,h12 HONG,26178,5000.8,471.651,469.229
6,Bp,36,,h12 HONG,27250,5000.3,442.931,441.206
6,C,39,B,h12 HONG,26178,5000.8,425.940,424.048
6,static_A,38,,h12 HONG,27701,5000.2,0.000,0.000
6,static_B,39,,h12 HONG,27607,5000.1,0.000,0.000
6,static_Bp,36,,h12 HONG,28117,5000.1,0.000,0.000
6,static_C,39,static_B,h12 HONG,27607,5000.1,0.000,0.000
14,A,38,,f10 UNTO,23054,5000.1,514.944,514.738
14,B,39,,f10 UNTO,22709,5000.2,521.827,519.850
14,Bp,37,,f10 UNTO,23623,5000.3,515.734,513.821
14,C,39,B,f10 UNTO,22709,5000.2,506.361,503.356
14,static_A,38,,f10 UNTO,23482,5000.3,0.000,0.000
14,static_B,39,,f10 UNTO,22678,5000.3,0.000,0.000
14,static_Bp,37,,f10 UNTO,23487,5000.5,0.000,0.000
14,static_C,39,static_B,f10 UNTO,22678,5000.3,0.000,0.000
22,A,31,,f4 MOWED,25866,5000.2,432.428,432.193
22,B,33,,f4 MOWED,25427,5000.1,478.473,474.101
22,Bp,33,,f4 MOWED,23442,5000.1,440.522,435.434
22,C,33,B,f4 MOWED,25427,5000.1,430.417,420.761
22,static_A,31,,f4 MOWED,24261,5000.3,0.000,0.000
22,static_B,33,,f4 MOWED,23121,5000.1,0.000,0.000
22,static_Bp,33,static_B,f4 MOWED,23121,5000.1,0.000,0.000
22,static_C,33,static_B,f4 MOWED,23121,5000.1,0.000,0.000
30,A,38,,o6 OBVS,26230,5000.1,500.329,500.154
30,B,37,,o6 OBVS,26656,5000.2,491.640,485.605
30,Bp,38,,o6 OBVS,23850,5000.6,504.654,502.044
30,C,38,A,o6 OBVS,26230,5000.1,480.076,477.482
30,static_A,38,,o6 OBVS,25314,5000.3,0.000,0.000
30,static_B,37,,o6 OBVS,26220,5000.1,0.000,0.000
30,static_Bp,38,static_A,o6 OBVS,25314,5000.3,0.000,0.000
30,static_C,38,static_A,o6 OBVS,25314,5000.3,0.000,0.000
38,A,34,,12c AUF,34780,5000.2,405.335,404.820
38,B,34,A,12c AUF,34780,5000.2,384.646,378.711
38,Bp,35,,12c AUF,34586,5000.1,370.822,368.168
38,C,34,A,12c AUF,34780,5000.2,370.736,368.099
38,static_A,34,,12c AUF,34741,5000.0,0.000,0.000
38,static_B,34,static_A,12c AUF,34741,5000.0,0.000,0.000
38,static_Bp,35,,12c AUF,34999,5000.1,0.000,0.000
38,static_C,34,static_A,12c AUF,34741,5000.0,0.000,0.000
46,A,35,,12g TAMANU,21712,5000.2,556.775,556.598
46,B,35,A,12g TAMANU,21712,5000.2,581.648,577.567
46,Bp,35,,12g TAMANU,22025,5000.1,543.305,538.071
46,C,35,A,12g TAMANU,21712,5000.2,525.688,523.247
46,static_A,35,,12g TAMANU,21619,5000.2,0.000,0.000
46,static_B,35,static_A,12g TAMANU,21619,5000.2,0.000,0.000
46,static_Bp,35,static_A,12g TAMANU,21619,5000.2,0.000,0.000
46,static_C,35,static_A,12g TAMANU,21619,5000.2,0.000,0.000
54,A,36,,f2 REESTIER,30284,5000.2,289.911,289.810
54,B,37,,f2 REESTIER,25717,5000.3,311.458,304.938
54,Bp,36,,f2 REESTIER,29376,5000.1,321.184,316.296
54,C,37,B,f2 REESTIER,25717,5000.3,321.154,317.453
54,static_A,36,,f2 REESTIER,28216,5000.1,0.000,0.000
54,static_B,37,,f2 REESTIER,28877,5000.1,0.000,0.000
54,static_Bp,36,static_A,f2 REESTIER,28216,5000.1,0.000,0.000
54,static_C,37,static_B,f2 REESTIER,28877,5000.1,0.000,0.000
62,A,40,,1g GOETH,32862,5000.2,478.920,478.704
62,B,40,A,1g GOETH,32862,5000.2,458.387,456.841
62,Bp,38,,1g GOETH,32929,5000.2,449.482,447.985
62,C,40,A,1g GOETH,32862,5000.2,457.703,456.187
62,static_A,40,,1g GOETH,33721,5000.1,0.000,0.000
62,static_B,40,static_A,1g GOETH,33721,5000.1,0.000,0.000
62,static_Bp,38,,1g GOETH,34365,5000.2,0.000,0.000
62,static_C,40,static_A,1g GOETH,33721,5000.1,0.000,0.000
70,A,43,,m2 WADI,19660,5000.3,655.467,655.069
70,B,44,,m2 WADI,19919,5000.2,666.995,662.085
70,Bp,42,,m2 WADI,19629,5000.4,633.703,631.550
70,C,44,B,m2 WADI,19919,5000.2,682.166,678.975
70,static_A,43,,m2 WADI,19472,5000.3,0.000,0.000
70,static_B,44,,m2 WADI,19673,5000.5,0.000,0.000
70,static_Bp,42,,m2 WADI,19948,5000.2,0.000,0.000
70,static_C,44,static_B,m2 WADI,19673,5000.5,0.000,0.000
78,A,42,,5g DeVIATOR,23650,5000.1,611.036,609.585
78,B,43,,5g DeVIATOR,24081,5000.3,664.136,626.203
78,Bp,42,,5g DeVIATOR,23738,5000.1,685.153,640.876
78,C,43,B,5g DeVIATOR,24081,5000.3,677.214,634.659
78,static_A,42,,5g DeVIATOR,23780,5000.1,0.000,0.000
78,static_B,43,,5g DeVIATOR,23984,5000.1,0.000,0.000
78,static_Bp,42,static_A,5g DeVIATOR,23780,5000.1,0.000,0.000
78,static_C,43,static_B,5g DeVIATOR,23984,5000.1,0.000,0.000
86,A,34,,15d MIGRATeD,25754,5000.1,736.409,732.001
86,B,35,,15d MIGRATeD,25596,5000.1,760.465,719.223
86,Bp,34,,15d MIGRATeD,26373,5000.1,842.145,808.683
86,C,35,B,15d MIGRATeD,25596,5000.1,830.888,791.594
86,static_A,34,,15d MIGRATeD,26637,5000.1,0.000,0.000
86,static_B,35,,15d MIGRATeD,26803,5000.1,0.000,0.000
86,static_Bp,34,static_A,15d MIGRATeD,26637,5000.1,0.000,0.000
86,static_C,35,static_B,15d MIGRATeD,26803,5000.1,0.000,0.000
94,A,36,,3i BLEST,23089,5000.2,588.134,587.979
94,B,38,,3i BLEST,22795,5000.2,544.410,542.776
94,Bp,37,,3i BLEST,22610,5000.1,567.916,566.255
94,C,38,B,3i BLEST,22795,5000.2,557.319,554.190
94,static_A,36,,3i BLEST,24505,5000.1,0.000,0.000
94,static_B,38,,3i BLEST,24784,5000.2,0.000,0.000
94,static_Bp,37,,3i BLEST,24402,5000.2,0.000,0.000
94,static_C,38,static_B,3i BLEST,24784,5000.2,0.000,0.000
game,pool,count,same_as,chosen,iterations,wall_ms,nominate_ms,check_ms
7,A,39,,8l CRAM,25984,5000.3,532.509,531.195
7,B,39,,8l CRAM,24359,5000.1,515.002,502.919
7,Bp,38,,8l CRAM,25537,5000.2,479.674,468.338
7,C,40,,8l CRAM,25818,5000.1,483.588,472.198
7,static_A,39,,8l CRAM,26170,5000.1,0.000,0.000
7,static_B,39,static_A,8l CRAM,26170,5000.1,0.000,0.000
7,static_Bp,38,,8l CRAM,25749,5000.2,0.000,0.000
7,static_C,40,,8l CRAM,26023,5000.2,0.000,0.000
15,A,46,,9c AUREI,32297,5000.1,361.647,361.550
15,B,46,A,9c AUREI,32297,5000.1,384.725,381.963
15,Bp,44,,9c AUREI,33527,5000.1,345.568,341.152
15,C,46,A,9c AUREI,32297,5000.1,351.136,348.380
15,static_A,46,,9c AUREI,33195,5000.1,0.000,0.000
15,static_B,46,static_A,9c AUREI,33195,5000.1,0.000,0.000
15,static_Bp,44,,9c AUREI,33398,5000.1,0.000,0.000
15,static_C,46,static_A,9c AUREI,33195,5000.1,0.000,0.000
23,A,37,,n1 AZO,26891,5000.1,486.461,486.207
23,B,36,,n1 AZO,27231,5000.3,514.216,511.930
23,Bp,34,,n1 AZO,26060,5000.2,495.233,490.200
23,C,37,A,n1 AZO,26891,5000.1,490.967,488.679
23,static_A,37,,n1 AZO,24299,5000.8,0.000,0.000
23,static_B,36,,n1 AZO,23876,5000.3,0.000,0.000
23,static_Bp,34,,n1 AZO,25135,5000.2,0.000,0.000
23,static_C,37,static_A,n1 AZO,24299,5000.8,0.000,0.000
31,A,39,,9h DAYBOAT,17006,5000.2,718.959,718.671
31,B,39,A,9h DAYBOAT,17006,5000.2,694.631,693.617
31,Bp,36,,9h DAYBOAT,16793,5000.3,696.402,694.120
31,C,39,A,9h DAYBOAT,17006,5000.2,702.263,701.235
31,static_A,39,,9h DAYBOAT,14824,5000.2,0.000,0.000
31,static_B,39,static_A,9h DAYBOAT,14824,5000.2,0.000,0.000
31,static_Bp,36,,9h DAYBOAT,15788,5000.2,0.000,0.000
31,static_C,39,static_A,9h DAYBOAT,14824,5000.2,0.000,0.000
39,A,37,,6b KINDIE,32449,5000.2,345.464,345.348
39,B,35,,6b KINDIE,32174,5000.3,359.687,358.274
39,Bp,33,,6b KINDIE,31263,5000.1,341.867,340.149
39,C,37,A,6b KINDIE,32449,5000.2,346.488,343.534
39,static_A,37,,6b KINDIE,31748,5000.0,0.000,0.000
39,static_B,35,,6b KINDIE,32194,5000.1,0.000,0.000
39,static_Bp,33,,6b KINDIE,32488,5000.2,0.000,0.000
39,static_C,37,static_A,6b KINDIE,31748,5000.0,0.000,0.000
47,A,38,,15l PAWA,30627,5001.0,406.730,406.522
47,B,38,A,15l PAWA,30627,5001.0,400.711,398.226
47,Bp,37,,15l PAWA,30321,5000.3,443.794,441.367
47,C,38,A,15l PAWA,30627,5001.0,451.527,449.080
47,static_A,38,,2f WAWE,30127,5000.1,0.000,0.000
47,static_B,38,static_A,2f WAWE,30127,5000.1,0.000,0.000
47,static_Bp,37,,15l PAWA,31061,5000.1,0.000,0.000
47,static_C,38,static_A,2f WAWE,30127,5000.1,0.000,0.000
55,A,31,,n1 PLINTH,25377,5000.3,522.256,522.058
55,B,31,,n1 PLINTH,25418,5001.6,512.451,510.952
55,Bp,29,,n1 PLINTH,24732,5000.1,504.177,499.408
55,C,33,,n1 PLINTH,25965,5000.2,496.911,495.501
55,static_A,31,,n1 PLINTH,25967,5000.3,0.000,0.000
55,static_B,31,static_A,n1 PLINTH,25967,5000.3,0.000,0.000
55,static_Bp,29,,n1 PLINTH,26018,5000.3,0.000,0.000
55,static_C,33,,n1 PLINTH,25443,5000.4,0.000,0.000
63,A,40,,f6 FLUNK,31151,5000.2,419.468,419.350
63,B,40,A,f6 FLUNK,31151,5000.2,404.730,401.923
63,Bp,40,,f6 FLUNK,31515,5000.2,357.425,356.021
63,C,40,A,f6 FLUNK,31151,5000.2,437.193,434.184
63,static_A,40,,f6 FLUNK,31727,5000.1,0.000,0.000
63,static_B,40,static_A,f6 FLUNK,31727,5000.1,0.000,0.000
63,static_Bp,40,static_A,f6 FLUNK,31727,5000.1,0.000,0.000
63,static_C,40,static_A,f6 FLUNK,31727,5000.1,0.000,0.000
71,A,42,,b3 ALACRITY,40408,5000.3,422.770,422.580
71,B,42,A,b3 ALACRITY,40408,5000.3,468.097,467.292
71,Bp,41,,b3 ALACRITY,40598,5000.1,449.015,447.498
71,C,42,A,b3 ALACRITY,40408,5000.3,440.816,440.074
71,static_A,42,,b3 ALACRITY,40331,5000.2,0.000,0.000
71,static_B,42,static_A,b3 ALACRITY,40331,5000.2,0.000,0.000
71,static_Bp,41,,b3 ALACRITY,40442,5000.1,0.000,0.000
71,static_C,42,static_A,b3 ALACRITY,40331,5000.2,0.000,0.000
79,A,35,,a10 JOTTER,22850,5000.6,597.581,597.032
79,B,35,A,a10 JOTTER,22850,5000.6,573.658,569.074
79,Bp,37,,a10 JOTTER,22800,5000.1,552.133,547.074
79,C,35,A,a10 JOTTER,22850,5000.6,592.833,588.363
79,static_A,35,,a10 JOTTER,23430,5000.1,0.000,0.000
79,static_B,35,static_A,a10 JOTTER,23430,5000.1,0.000,0.000
79,static_Bp,37,,a10 JOTTER,22971,5000.1,0.000,0.000
79,static_C,35,static_A,a10 JOTTER,23430,5000.1,0.000,0.000
87,A,38,,9h TRaCTOR,33389,5000.1,376.706,376.504
87,B,38,A,9h TRaCTOR,33389,5000.1,365.714,359.974
87,Bp,37,,9h TRaCTOR,35280,5000.1,357.134,346.809
87,C,38,A,9h TRaCTOR,33389,5000.1,384.388,377.053
87,static_A,38,,9h TRaCTOR,35500,5000.1,0.000,0.000
87,static_B,38,static_A,9h TRaCTOR,35500,5000.1,0.000,0.000
87,static_Bp,37,,9h TRaCTOR,35478,5000.1,0.000,0.000
87,static_C,38,static_A,9h TRaCTOR,35500,5000.1,0.000,0.000
95,A,43,,14a COmBINE,45274,5000.1,437.052,433.672
95,B,43,A,14a COmBINE,45274,5000.1,543.429,503.576
95,Bp,41,,14a COmBINE,45490,5000.1,513.558,479.680
95,C,43,A,14a COmBINE,45274,5000.1,479.220,443.484
95,static_A,43,,14a COmBINE,45314,5000.2,0.000,0.000
95,static_B,43,static_A,14a COmBINE,45314,5000.2,0.000,0.000
95,static_Bp,41,,14a COmBINE,44795,5000.1,0.000,0.000
95,static_C,43,static_A,14a COmBINE,45314,5000.2,0.000,0.000
