seed,pairing,seat_swap,p0_type,p1_type,p0_score,p1_score,turns,elapsed_s,winner
1,0,0,SIMINF,NOINF,417,496,23,285.13,NOINF
1,0,1,NOINF,SIMINF,400,551,30,270.25,SIMINF
2,0,0,SIMINF,NOINF,410,487,25,285.08,NOINF
2,0,1,NOINF,SIMINF,421,516,30,300.17,SIMINF
3,0,0,SIMINF,NOINF,494,374,33,330.20,SIMINF
3,0,1,NOINF,SIMINF,477,393,34,360.27,NOINF
4,0,0,SIMINF,NOINF,475,381,31,330.25,SIMINF
4,0,1,NOINF,SIMINF,475,381,31,330.14,NOINF
5,0,0,SIMINF,NOINF,380,465,22,285.06,NOINF
5,0,1,NOINF,SIMINF,380,465,22,285.17,SIMINF
6,0,0,SIMINF,NOINF,492,400,28,285.16,SIMINF
6,0,1,NOINF,SIMINF,498,416,24,285.19,NOINF
7,0,0,SIMINF,NOINF,433,528,31,300.20,NOINF
7,0,1,NOINF,SIMINF,503,488,23,285.17,NOINF
8,0,0,SIMINF,NOINF,330,417,34,390.33,NOINF
8,0,1,NOINF,SIMINF,371,436,31,315.13,SIMINF
9,0,0,SIMINF,NOINF,484,345,31,315.32,SIMINF
9,0,1,NOINF,SIMINF,484,345,31,315.19,NOINF
10,0,0,SIMINF,NOINF,421,451,22,300.21,NOINF
10,0,1,NOINF,SIMINF,421,451,22,300.10,SIMINF
11,0,0,SIMINF,NOINF,395,533,21,270.07,NOINF
11,0,1,NOINF,SIMINF,409,515,22,270.14,SIMINF
12,0,0,SIMINF,NOINF,437,495,24,285.14,NOINF
12,0,1,NOINF,SIMINF,427,446,28,345.20,SIMINF
13,0,0,SIMINF,NOINF,454,412,21,300.12,SIMINF
13,0,1,NOINF,SIMINF,430,358,33,315.27,NOINF
14,0,0,SIMINF,NOINF,488,383,22,300.20,SIMINF
14,0,1,NOINF,SIMINF,474,427,22,300.15,NOINF
15,0,0,SIMINF,NOINF,419,414,33,330.29,SIMINF
15,0,1,NOINF,SIMINF,429,408,22,285.08,NOINF
16,0,0,SIMINF,NOINF,470,382,24,315.11,SIMINF
16,0,1,NOINF,SIMINF,393,501,30,270.24,SIMINF
17,0,0,SIMINF,NOINF,486,406,28,270.23,SIMINF
17,0,1,NOINF,SIMINF,483,425,25,300.19,NOINF
18,0,0,SIMINF,NOINF,470,410,25,315.20,SIMINF
18,0,1,NOINF,SIMINF,547,329,33,345.22,NOINF
19,0,0,SIMINF,NOINF,463,515,29,285.17,NOINF
19,0,1,NOINF,SIMINF,483,404,24,300.11,NOINF
20,0,0,SIMINF,NOINF,552,519,28,270.11,SIMINF
20,0,1,NOINF,SIMINF,525,457,29,285.04,NOINF
21,0,0,SIMINF,NOINF,495,363,23,255.08,SIMINF
21,0,1,NOINF,SIMINF,495,363,23,255.12,NOINF
22,0,0,SIMINF,NOINF,426,457,26,330.16,NOINF
22,0,1,NOINF,SIMINF,399,507,20,285.18,SIMINF
23,0,0,SIMINF,NOINF,420,394,28,360.29,SIMINF
23,0,1,NOINF,SIMINF,452,419,33,315.20,NOINF
24,0,0,SIMINF,NOINF,326,560,32,330.18,NOINF
24,0,1,NOINF,SIMINF,330,611,30,315.33,SIMINF
25,0,0,SIMINF,NOINF,396,477,30,285.16,NOINF
25,0,1,NOINF,SIMINF,350,466,31,315.18,SIMINF
26,0,0,SIMINF,NOINF,545,376,23,270.17,SIMINF
26,0,1,NOINF,SIMINF,545,376,23,270.11,NOINF
27,0,0,SIMINF,NOINF,479,460,23,270.14,SIMINF
27,0,1,NOINF,SIMINF,384,336,31,315.14,NOINF
28,0,0,SIMINF,NOINF,346,450,25,330.16,NOINF
28,0,1,NOINF,SIMINF,411,502,25,300.34,SIMINF
29,0,0,SIMINF,NOINF,508,380,29,285.25,SIMINF
29,0,1,NOINF,SIMINF,393,501,23,285.14,SIMINF
30,0,0,SIMINF,NOINF,442,474,25,300.08,NOINF
30,0,1,NOINF,SIMINF,380,451,32,315.26,SIMINF
31,0,0,SIMINF,NOINF,449,342,31,300.24,SIMINF
31,0,1,NOINF,SIMINF,498,285,32,315.15,NOINF
32,0,0,SIMINF,NOINF,306,472,23,300.13,NOINF
32,0,1,NOINF,SIMINF,349,477,28,360.22,SIMINF
33,0,0,SIMINF,NOINF,538,535,23,285.14,SIMINF
33,0,1,NOINF,SIMINF,535,521,23,285.21,NOINF
34,0,0,SIMINF,NOINF,436,361,32,330.17,SIMINF
34,0,1,NOINF,SIMINF,529,302,31,330.10,NOINF
35,0,0,SIMINF,NOINF,473,408,24,315.26,SIMINF
35,0,1,NOINF,SIMINF,365,483,32,315.15,SIMINF
36,0,0,SIMINF,NOINF,423,363,28,285.09,SIMINF
36,0,1,NOINF,SIMINF,423,363,28,285.11,NOINF
37,0,0,SIMINF,NOINF,473,405,21,300.17,SIMINF
37,0,1,NOINF,SIMINF,337,410,23,285.08,SIMINF
38,0,0,SIMINF,NOINF,399,464,37,390.25,NOINF
38,0,1,NOINF,SIMINF,502,360,26,330.19,NOINF
39,0,0,SIMINF,NOINF,426,392,35,375.33,SIMINF
39,0,1,NOINF,SIMINF,348,471,34,330.20,SIMINF
40,0,0,SIMINF,NOINF,496,386,31,345.29,SIMINF
40,0,1,NOINF,SIMINF,494,375,32,345.18,NOINF
41,0,0,SIMINF,NOINF,454,397,29,270.15,SIMINF
41,0,1,NOINF,SIMINF,418,468,20,285.12,SIMINF
42,0,0,SIMINF,NOINF,396,495,20,270.14,NOINF
42,0,1,NOINF,SIMINF,396,495,20,270.12,SIMINF
