game,universe,movegen_ms,teacher_r16_ms,teacher_r64_ms,teacher_r256_ms
0,60,1.108,116.204,456.740,1675.347
8,60,3.521,41.051,184.633,749.101
16,65,8.386,143.858,541.642,2317.239
24,65,0.720,103.100,442.621,1756.628
32,65,8.539,143.809,560.454,2209.589
40,62,36.716,88.067,484.090,1793.175
48,65,6.874,97.203,430.836,1733.382
56,65,7.904,118.378,548.786,2012.367
64,65,4.181,104.277,563.051,2271.110
72,61,1.234,145.675,455.660,2038.710
80,65,0.923,230.050,788.961,3094.899
88,65,4.759,168.429,666.026,2589.755
96,65,2.946,84.402,380.727,1547.848
104,65,1.936,161.187,671.127,2725.099
112,65,2.670,199.055,796.480,2892.067
120,60,9.165,104.196,547.568,2012.726
128,60,3.127,91.661,387.151,1660.382
136,65,3.391,76.658,350.403,1466.573
144,60,31.008,263.874,1067.635,4264.287
152,62,2.295,138.584,522.721,2223.194
160,60,1.603,74.815,271.628,1201.591
168,60,163.440,130.896,556.305,2173.934
176,60,3.840,95.711,479.303,1855.293
184,60,1.314,85.581,468.566,1822.664
192,60,18.765,177.806,705.726,2835.927
200,60,6.101,73.454,325.900,1346.810
208,60,2.136,86.554,418.733,1576.765
216,65,10.007,94.190,448.873,1650.305
224,62,2.834,129.222,513.184,2213.033
232,61,31.012,432.258,1715.095,6704.638
240,64,1.056,78.408,377.433,1554.080
248,65,3.299,142.977,667.917,3282.564
256,61,3.756,105.215,469.717,1690.154
264,60,19.219,81.453,332.083,1489.952
272,60,25.553,71.879,300.737,1145.519
280,65,2.533,90.030,389.000,1556.879
288,61,22.226,110.912,447.895,1964.850
296,64,4.816,128.517,557.051,2226.869
304,60,1.944,96.312,429.792,1858.170
312,65,6.572,166.240,754.374,3282.906
320,65,3.383,76.583,405.052,1585.656
328,65,3.906,79.213,375.662,1509.636
336,65,4.921,72.645,395.576,1522.280
344,65,4.936,89.746,399.803,1454.563
352,60,4.600,125.726,428.364,1615.044
1,65,5.852,140.374,538.105,2023.630
9,62,2.896,115.270,470.214,2030.504
17,64,3.998,114.276,402.781,1637.785
25,62,41.378,375.275,1483.688,5877.817
33,60,1.927,85.524,310.199,1312.555
41,60,6.243,124.467,589.447,2119.666
49,60,10.878,132.742,556.644,2327.248
57,60,3.988,75.889,341.907,1364.610
65,60,3.945,90.031,306.146,1226.434
73,61,19.575,168.347,540.743,2478.214
81,65,3.491,76.459,347.256,1536.693
89,61,3.161,98.249,419.103,1723.414
97,65,39.372,203.529,731.674,3102.631
105,65,2.234,82.452,393.239,1642.363
113,60,1.942,102.502,487.063,1782.582
121,65,0.929,142.614,571.511,2227.614
129,65,5.114,100.769,563.796,2150.928
137,60,7.281,87.866,338.006,1363.898
145,65,6.337,94.236,378.894,1537.216
153,60,0.686,79.020,365.461,1548.598
161,65,3.015,97.130,471.027,1797.241
169,65,4.308,126.861,472.611,1970.742
177,60,21.781,196.029,747.892,2798.821
185,65,6.529,137.618,561.488,2301.922
193,65,2.927,115.736,587.369,2216.041
201,60,7.089,83.560,357.745,1499.663
209,65,9.183,272.680,1050.179,4089.694
217,60,96.356,156.896,667.072,2942.226
225,61,5.726,116.015,558.162,2322.771
233,60,2.177,137.293,523.966,2420.792
241,60,6.761,155.059,648.291,2571.411
249,65,2.007,77.349,391.707,1857.365
257,60,6.174,217.567,532.349,1817.447
265,65,2.449,124.507,566.145,2533.265
273,60,3.306,88.225,335.694,1438.204
281,65,2.508,113.747,464.487,1921.585
289,60,0.984,118.253,508.737,1964.678
297,62,2.776,209.723,738.101,3111.830
305,64,9.711,336.488,1346.463,5714.420
313,60,0.984,120.617,661.138,2429.086
321,60,54.117,121.093,544.499,1971.858
329,65,3.097,148.514,555.402,2335.214
337,60,1.079,145.406,592.055,2298.530
345,61,2.173,61.423,303.317,1151.027
353,60,39.481,68.982,310.105,1309.231
2,63,5.683,260.357,925.747,3786.068
10,65,5.766,108.624,457.001,1915.130
18,60,3.160,112.852,441.284,1956.884
26,64,2.366,89.732,422.177,1538.403
34,65,3.574,178.189,629.146,2637.905
42,60,3.721,72.026,324.635,1336.587
50,60,1.591,96.154,383.735,1739.843
58,60,0.957,126.544,597.110,2439.242
66,60,2.055,157.535,634.170,2422.726
74,64,3.813,104.877,511.512,2125.761
82,65,1.214,103.109,451.161,1917.229
90,60,0.455,59.747,276.240,987.184
98,60,5.457,157.865,592.720,2506.449
106,60,42.684,124.624,619.929,2616.717
114,60,8.090,97.159,466.582,1874.391
122,65,1.200,69.995,363.805,1439.897
130,60,3.030,121.690,499.251,2156.973
138,60,5.899,84.696,333.208,1341.897
146,60,1.735,86.641,449.383,1883.906
154,60,1.362,83.123,377.324,1557.035
162,65,2.194,93.366,416.718,1868.467
170,65,3.333,115.389,507.662,2377.169
178,65,1.363,120.990,501.899,1796.461
186,60,5.761,105.939,413.649,1662.276
194,65,2.767,77.340,348.351,1351.462
202,60,13.757,136.793,524.515,2225.455
210,60,3.618,81.725,379.244,1413.051
218,65,4.046,133.844,558.193,2271.988
226,65,3.735,197.467,748.603,2823.183
234,60,1.203,64.705,288.965,1111.704
242,60,4.064,107.791,475.546,1539.966
250,60,0.621,96.920,450.715,1759.283
258,64,7.347,116.772,434.590,1741.456
266,65,4.198,117.773,418.390,1789.423
274,65,3.202,128.098,569.382,2158.637
282,60,9.100,231.383,1068.978,5308.478
290,65,7.396,111.259,442.465,1786.913
298,64,4.353,90.232,409.356,1612.016
306,65,5.381,100.518,422.194,1598.590
314,65,2.327,135.163,518.396,2202.333
322,62,8.337,186.826,804.323,3422.514
330,63,2.167,104.579,492.113,1967.968
338,65,4.690,114.794,514.977,2181.110
346,65,4.019,224.298,744.280,3289.379
354,60,11.498,86.518,348.650,1648.805
3,65,1.939,106.276,426.231,1604.294
11,60,14.294,251.778,945.462,4207.240
19,60,10.850,108.383,411.626,1708.713
27,65,5.294,115.345,440.095,1874.477
35,60,3.757,215.268,922.502,3410.728
43,61,0.825,84.203,409.793,1783.599
51,60,3.909,128.120,473.706,1899.331
59,65,3.738,224.396,852.711,3160.737
67,61,6.497,105.098,513.708,2353.220
75,60,1.500,66.711,317.551,1426.418
83,60,20.334,413.040,1632.295,6563.374
91,64,3.613,181.499,504.451,2235.879
99,65,8.510,113.832,472.884,2092.580
107,60,4.097,170.113,670.677,2672.895
115,65,3.129,147.219,669.659,2706.436
123,65,5.486,62.400,316.871,1434.756
131,60,0.429,85.995,391.194,1611.621
139,63,1.706,119.677,456.577,1812.882
147,65,4.219,94.701,488.892,1876.718
155,60,2.081,111.985,421.216,1750.679
163,60,1.210,133.696,467.484,1915.895
171,65,2.136,104.660,500.771,1852.600
179,62,2.902,146.695,556.012,2336.792
187,65,2.053,109.988,456.590,1981.464
195,60,1.811,105.920,472.670,1721.411
203,60,1.764,226.339,877.148,3405.451
211,65,2.188,140.171,700.587,2641.817
219,60,26.262,113.505,601.874,2030.123
227,60,1.360,144.236,582.482,2377.049
235,61,1.677,139.646,621.034,3130.860
243,63,1.329,80.162,417.909,1698.611
251,60,3.090,97.046,484.286,1902.289
259,60,34.083,130.517,572.987,2299.274
267,65,5.207,188.750,587.891,2063.545
275,60,22.698,113.122,507.889,2054.085
283,65,1.058,136.541,578.472,2285.565
291,64,2.288,84.813,391.198,1649.876
299,61,0.983,87.301,403.909,1719.129
307,65,2.346,148.291,564.818,2280.560
315,65,9.110,117.633,506.082,2174.691
323,65,6.052,179.154,711.940,2649.476
331,60,9.383,361.673,1393.287,4609.973
339,65,2.420,71.627,280.006,1121.966
347,60,6.296,94.360,440.158,1915.496
355,60,0.801,82.442,319.867,1307.612
4,65,1.242,117.033,457.179,1808.126
12,60,6.942,122.514,401.322,1671.669
20,65,11.047,138.672,496.457,1866.741
28,65,6.073,102.092,470.739,1980.133
36,60,2.448,79.033,349.782,1497.875
44,65,75.465,193.949,1015.817,4130.287
52,60,8.042,132.053,539.788,2218.942
60,60,0.930,179.450,593.856,2416.604
68,60,7.746,152.542,532.469,2179.710
76,65,61.775,237.334,991.115,3424.892
84,60,1.402,110.821,381.019,1641.167
92,65,2.907,142.088,606.467,2267.484
100,65,2.631,145.484,625.180,2370.236
108,65,4.242,79.225,435.204,1727.121
116,60,0.709,80.128,335.922,1374.833
124,60,3.191,157.568,638.862,2519.296
132,65,3.919,78.427,344.399,1590.811
140,60,0.706,39.736,176.358,767.120
148,63,29.909,411.745,1599.622,6505.198
156,60,8.187,74.064,309.336,1282.161
164,65,1.301,174.584,831.660,3187.677
172,65,2.436,158.838,629.687,2477.676
180,64,2.241,105.713,379.747,1580.758
188,65,2.506,124.702,562.849,2278.499
196,60,0.978,81.881,437.522,2020.806
204,65,3.963,136.384,531.716,2287.758
212,60,0.843,116.349,528.831,2270.891
220,60,2.546,119.383,434.877,1716.332
228,65,1.956,94.012,457.630,1807.336
236,60,1.403,99.118,425.180,1718.089
244,63,28.623,235.829,957.161,4569.607
252,65,1.535,129.895,485.734,2021.586
260,60,42.474,213.723,956.425,3632.534
268,60,5.900,118.274,494.029,2007.721
276,60,62.363,139.630,576.825,2583.601
284,60,4.853,122.324,495.342,2124.999
292,65,3.734,197.811,777.884,3114.174
300,65,3.035,109.488,468.289,1923.538
308,65,2.375,107.067,431.950,1692.250
316,63,3.436,113.124,522.876,2157.111
324,60,10.891,100.996,366.988,1499.234
332,63,0.864,84.490,377.965,1332.482
340,65,1.506,109.155,572.730,2180.456
348,65,0.769,67.321,294.032,1170.885
356,60,16.654,134.510,572.344,2220.393
5,65,2.407,264.567,870.664,3465.429
13,60,69.977,90.859,484.623,1993.134
21,65,5.984,79.577,371.034,1470.264
29,60,1.532,146.581,568.063,2379.319
37,64,2.124,147.637,639.565,2423.512
45,60,2.360,70.314,339.367,1407.977
53,61,3.649,93.493,451.856,1835.080
61,60,1.754,105.546,387.496,1455.562
69,65,2.434,89.245,370.036,1562.429
77,65,1.407,99.148,466.038,1930.387
85,65,6.034,98.937,441.675,1823.245
93,60,53.607,155.264,576.484,2317.393
101,64,1.251,100.997,396.416,1833.469
109,60,4.459,88.751,394.788,1622.810
117,64,2.430,96.129,440.281,1779.257
125,65,1.692,108.652,471.655,1915.659
133,65,7.631,110.709,528.850,2169.338
141,65,1.242,80.387,304.314,1361.756
149,65,2.658,117.320,569.963,2158.321
157,60,4.296,78.244,423.415,1945.708
165,60,28.338,92.658,435.286,1786.783
173,60,1.400,167.099,861.581,3597.998
181,60,4.377,119.195,474.579,1922.101
189,60,11.987,201.223,804.270,3273.568
197,60,5.812,82.976,369.485,1564.209
205,60,4.830,118.894,492.173,1985.845
213,65,4.130,70.026,316.551,1440.328
221,60,2.322,132.588,671.070,2373.260
229,65,6.416,119.668,620.824,2929.381
237,66,1.674,86.908,362.074,1529.327
245,60,1.616,185.074,733.833,2956.467
253,60,7.047,145.843,523.231,2150.884
261,60,2.145,79.125,302.840,1404.023
269,65,1.847,103.885,444.185,1791.815
277,65,0.679,78.455,594.303,1958.620
285,60,128.353,129.221,592.693,2162.713
293,60,54.413,224.493,925.028,3349.734
301,60,3.623,137.859,507.034,2060.770
309,66,2.850,87.656,363.438,1512.067
317,60,9.688,104.412,426.536,1819.796
325,60,5.456,162.169,690.969,2820.166
333,65,10.591,111.307,445.567,1822.501
341,65,1.469,125.696,470.979,1916.818
349,60,0.875,111.419,521.575,2032.623
357,60,0.643,66.847,332.657,1371.738
6,60,3.776,105.282,395.307,1523.625
14,60,3.717,183.280,761.757,3066.174
22,65,4.613,116.882,498.767,2054.792
30,65,0.958,101.322,444.043,1739.350
38,63,1.979,90.134,342.794,1428.100
46,61,11.443,162.678,759.086,2710.235
54,65,1.672,47.447,284.594,1250.495
62,65,2.407,164.496,685.383,2822.749
70,60,5.867,116.668,566.295,2309.083
78,64,3.014,142.645,503.886,2116.701
86,60,3.327,62.656,341.003,1167.851
94,62,48.935,110.458,524.292,1937.867
102,65,6.377,125.587,485.048,1987.928
110,60,3.274,132.816,505.721,2045.062
118,65,1.177,136.058,636.214,2415.256
126,60,16.261,144.644,664.561,2728.585
134,60,1.996,88.271,414.946,1643.726
142,60,1.814,87.154,409.688,1871.856
150,60,15.652,105.119,436.618,1751.142
158,60,6.250,111.474,620.011,2413.624
166,65,45.329,218.114,806.120,3173.584
174,65,1.411,104.077,365.224,1588.993
182,65,3.682,135.029,498.519,2141.747
190,60,2.396,98.866,427.365,1899.639
198,65,2.132,117.708,431.049,1820.660
206,65,4.184,153.181,614.751,2539.083
214,65,5.069,137.823,519.204,2267.655
222,60,12.363,98.756,464.617,2084.046
230,60,3.481,175.008,994.996,3516.705
238,60,57.313,184.228,749.452,3161.762
246,60,7.676,98.408,409.564,1754.171
254,60,5.730,154.293,601.676,2469.244
262,65,9.539,188.342,1117.926,2692.577
270,65,2.393,95.331,440.829,1995.139
278,65,5.623,102.163,463.582,1890.438
286,65,2.174,121.578,520.165,2083.845
294,65,1.504,80.290,342.796,1438.266
302,60,2.307,134.339,560.652,2208.173
310,65,1.648,110.478,497.323,1917.764
318,60,1.012,169.047,618.787,2364.786
326,65,4.340,226.952,853.191,3057.524
334,60,6.545,96.510,350.823,1605.117
342,65,3.778,123.033,470.831,1988.363
350,60,29.656,144.282,611.697,2358.833
358,61,1.091,99.061,365.158,1430.321
7,65,22.001,261.801,1166.372,4059.341
15,65,13.145,92.633,383.347,1637.962
23,65,3.533,123.592,555.904,2431.440
31,60,5.980,120.319,432.164,1915.458
39,65,1.229,88.376,360.414,1574.011
47,62,10.193,122.882,439.587,1628.071
55,64,3.064,136.967,671.876,2847.838
63,65,2.442,79.615,309.855,1447.020
71,60,1.817,116.607,527.138,1978.440
79,65,5.858,137.423,551.174,1999.392
87,60,5.323,74.554,339.962,1428.904
95,60,1.171,113.155,441.825,1900.361
103,60,1.102,139.726,526.836,1944.615
111,60,28.966,85.442,445.037,1657.606
119,60,3.728,129.373,497.938,2104.863
127,60,122.924,162.485,677.444,2834.147
135,65,4.207,96.204,351.174,1625.651
143,65,2.425,76.046,320.185,1291.274
151,60,4.393,160.582,687.565,2484.796
159,60,7.068,104.033,465.941,1845.149
167,60,2.998,152.825,632.006,2316.360
175,65,4.372,85.484,395.661,1709.659
183,60,10.083,102.958,461.824,1860.469
191,60,63.958,101.644,483.513,1906.403
199,60,1.959,158.675,567.934,2390.663
207,64,2.588,143.508,553.267,2206.458
215,60,22.422,206.948,708.243,2732.263
223,60,1.354,71.680,397.478,1660.553
231,65,1.389,129.711,433.789,1942.678
239,60,1.680,93.570,355.151,1550.568
247,60,6.562,156.322,499.390,1925.778
255,60,32.558,93.208,411.412,1762.608
263,65,15.396,197.155,897.081,3403.203
271,60,0.604,77.105,342.016,1919.994
279,61,7.321,74.327,350.636,1510.846
287,64,6.635,92.263,415.401,1675.927
295,65,65.626,192.743,864.364,2910.227
303,65,4.215,76.440,367.539,1379.273
311,65,6.185,115.106,448.889,1863.006
319,60,33.230,292.540,1514.102,6473.587
327,65,1.940,102.196,372.776,1645.959
335,65,50.554,289.788,1127.957,4730.653
343,64,3.693,135.682,523.263,2233.965
351,60,6.377,80.699,309.501,1153.209
359,60,7.311,65.183,304.542,1264.455
