pair,game,a_seat,a_score,b_score,a_spread,a_win,turns
0,0,0,407,400,7,1.0,25
0,1,1,434,343,91,1.0,22
8,0,0,416,473,-57,0.0,21
8,1,1,426,454,-28,0.0,31
16,0,0,444,386,58,1.0,21
16,1,1,433,402,31,1.0,23
24,0,0,408,451,-43,0.0,26
24,1,1,368,370,-2,0.0,23
32,0,0,494,381,113,1.0,22
32,1,1,380,499,-119,0.0,25
40,0,0,483,346,137,1.0,26
40,1,1,474,409,65,1.0,26
48,0,0,369,337,32,1.0,28
48,1,1,345,462,-117,0.0,27
56,0,0,381,425,-44,0.0,23
56,1,1,426,415,11,1.0,26
64,0,0,372,320,52,1.0,23
64,1,1,431,393,38,1.0,24
72,0,0,466,352,114,1.0,25
72,1,1,413,529,-116,0.0,25
80,0,0,381,394,-13,0.0,26
80,1,1,410,433,-23,0.0,26
88,0,0,402,420,-18,0.0,22
88,1,1,349,550,-201,0.0,26
96,0,0,506,347,159,1.0,28
96,1,1,319,557,-238,0.0,26
104,0,0,279,439,-160,0.0,24
104,1,1,447,335,112,1.0,26
112,0,0,491,393,98,1.0,20
112,1,1,376,294,82,1.0,20
120,0,0,456,293,163,1.0,26
120,1,1,454,372,82,1.0,25
128,0,0,287,430,-143,0.0,25
128,1,1,570,267,303,1.0,24
136,0,0,585,265,320,1.0,23
136,1,1,259,407,-148,0.0,24
144,0,0,441,494,-53,0.0,24
144,1,1,405,438,-33,0.0,21
152,0,0,426,382,44,1.0,25
152,1,1,399,490,-91,0.0,21
160,0,0,358,420,-62,0.0,24
160,1,1,400,430,-30,0.0,24
168,0,0,375,345,30,1.0,24
168,1,1,401,526,-125,0.0,26
176,0,0,392,406,-14,0.0,28
176,1,1,434,421,13,1.0,24
184,0,0,391,349,42,1.0,23
184,1,1,385,323,62,1.0,23
192,0,0,397,464,-67,0.0,23
192,1,1,370,449,-79,0.0,29
200,0,0,504,400,104,1.0,21
200,1,1,352,484,-132,0.0,23
208,0,0,363,455,-92,0.0,25
208,1,1,442,369,73,1.0,23
216,0,0,301,398,-97,0.0,23
216,1,1,505,242,263,1.0,36
224,0,0,434,340,94,1.0,28
224,1,1,403,406,-3,0.0,24
232,0,0,466,484,-18,0.0,24
232,1,1,429,438,-9,0.0,23
240,0,0,428,403,25,1.0,24
240,1,1,494,369,125,1.0,24
248,0,0,343,407,-64,0.0,29
248,1,1,497,395,102,1.0,22
256,0,0,479,320,159,1.0,23
256,1,1,392,449,-57,0.0,26
264,0,0,471,307,164,1.0,22
264,1,1,297,476,-179,0.0,27
272,0,0,366,577,-211,0.0,24
272,1,1,443,355,88,1.0,25
280,0,0,425,355,70,1.0,24
280,1,1,287,343,-56,0.0,27
288,0,0,367,418,-51,0.0,24
288,1,1,321,383,-62,0.0,26
296,0,0,517,278,239,1.0,24
296,1,1,290,500,-210,0.0,23
1,0,0,365,457,-92,0.0,25
1,1,1,424,440,-16,0.0,24
9,0,0,519,398,121,1.0,26
9,1,1,315,446,-131,0.0,25
17,0,0,454,449,5,1.0,24
17,1,1,431,419,12,1.0,24
25,0,0,469,362,107,1.0,22
25,1,1,417,421,-4,0.0,26
33,0,0,356,444,-88,0.0,21
33,1,1,543,400,143,1.0,22
41,0,0,345,454,-109,0.0,25
41,1,1,388,481,-93,0.0,22
49,0,0,388,317,71,1.0,22
49,1,1,384,348,36,1.0,26
57,0,0,324,554,-230,0.0,28
57,1,1,557,328,229,1.0,27
65,0,0,378,537,-159,0.0,24
65,1,1,485,345,140,1.0,25
73,0,0,470,397,73,1.0,24
73,1,1,402,422,-20,0.0,22
81,0,0,348,483,-135,0.0,25
81,1,1,439,319,120,1.0,32
89,0,0,372,461,-89,0.0,25
89,1,1,506,391,115,1.0,22
97,0,0,409,457,-48,0.0,25
97,1,1,445,335,110,1.0,24
105,0,0,354,464,-110,0.0,25
105,1,1,491,403,88,1.0,25
113,0,0,390,405,-15,0.0,26
113,1,1,551,389,162,1.0,28
121,0,0,367,415,-48,0.0,26
121,1,1,599,291,308,1.0,23
129,0,0,449,395,54,1.0,25
129,1,1,402,369,33,1.0,23
137,0,0,324,391,-67,0.0,29
137,1,1,345,377,-32,0.0,24
145,0,0,477,528,-51,0.0,23
145,1,1,345,451,-106,0.0,24
153,0,0,389,491,-102,0.0,25
153,1,1,451,486,-35,0.0,22
161,0,0,485,336,149,1.0,24
161,1,1,510,386,124,1.0,21
169,0,0,438,429,9,1.0,25
169,1,1,572,352,220,1.0,21
177,0,0,515,439,76,1.0,24
177,1,1,430,362,68,1.0,23
185,0,0,448,545,-97,0.0,22
185,1,1,439,412,27,1.0,24
193,0,0,483,526,-43,0.0,24
193,1,1,440,457,-17,0.0,23
201,0,0,410,356,54,1.0,25
201,1,1,450,459,-9,0.0,23
209,0,0,434,414,20,1.0,22
209,1,1,461,392,69,1.0,26
217,0,0,368,387,-19,0.0,26
217,1,1,413,377,36,1.0,24
225,0,0,337,393,-56,0.0,22
225,1,1,438,477,-39,0.0,24
233,0,0,348,422,-74,0.0,24
233,1,1,535,352,183,1.0,25
241,0,0,470,426,44,1.0,24
241,1,1,412,627,-215,0.0,24
249,0,0,385,389,-4,0.0,23
249,1,1,377,418,-41,0.0,23
257,0,0,455,372,83,1.0,25
257,1,1,300,391,-91,0.0,26
265,0,0,293,479,-186,0.0,27
265,1,1,479,305,174,1.0,29
273,0,0,420,294,126,1.0,26
273,1,1,314,509,-195,0.0,26
281,0,0,375,488,-113,0.0,26
281,1,1,422,482,-60,0.0,22
289,0,0,294,478,-184,0.0,27
289,1,1,420,434,-14,0.0,25
297,0,0,400,344,56,1.0,26
297,1,1,410,369,41,1.0,25
2,0,0,432,336,96,1.0,25
2,1,1,365,418,-53,0.0,23
10,0,0,343,456,-113,0.0,26
10,1,1,481,449,32,1.0,23
18,0,0,381,411,-30,0.0,31
18,1,1,476,302,174,1.0,27
26,0,0,398,357,41,1.0,23
26,1,1,408,365,43,1.0,22
34,0,0,366,336,30,1.0,26
34,1,1,429,526,-97,0.0,24
42,0,0,372,394,-22,0.0,26
42,1,1,462,390,72,1.0,25
50,0,0,411,390,21,1.0,26
50,1,1,438,374,64,1.0,20
58,0,0,374,428,-54,0.0,22
58,1,1,429,320,109,1.0,25
66,0,0,494,428,66,1.0,24
66,1,1,284,432,-148,0.0,26
74,0,0,447,425,22,1.0,23
74,1,1,379,453,-74,0.0,24
82,0,0,398,398,0,0.5,21
82,1,1,455,507,-52,0.0,21
90,0,0,464,516,-52,0.0,26
90,1,1,407,485,-78,0.0,24
98,0,0,381,364,17,1.0,26
98,1,1,409,388,21,1.0,26
106,0,0,343,471,-128,0.0,22
106,1,1,430,491,-61,0.0,25
114,0,0,530,277,253,1.0,26
114,1,1,269,450,-181,0.0,25
122,0,0,407,312,95,1.0,21
122,1,1,286,378,-92,0.0,26
130,0,0,375,472,-97,0.0,25
130,1,1,503,328,175,1.0,22
138,0,0,411,426,-15,0.0,29
138,1,1,344,421,-77,0.0,25
146,0,0,436,336,100,1.0,27
146,1,1,361,393,-32,0.0,29
154,0,0,408,444,-36,0.0,25
154,1,1,422,397,25,1.0,31
162,0,0,374,413,-39,0.0,23
162,1,1,350,408,-58,0.0,23
170,0,0,417,492,-75,0.0,26
170,1,1,566,318,248,1.0,26
178,0,0,448,267,181,1.0,24
178,1,1,369,518,-149,0.0,23
186,0,0,444,373,71,1.0,25
186,1,1,401,405,-4,0.0,27
194,0,0,379,386,-7,0.0,28
194,1,1,354,488,-134,0.0,27
202,0,0,389,437,-48,0.0,28
202,1,1,446,333,113,1.0,28
210,0,0,388,450,-62,0.0,23
210,1,1,378,413,-35,0.0,25
218,0,0,475,450,25,1.0,23
218,1,1,500,471,29,1.0,23
226,0,0,548,395,153,1.0,24
226,1,1,407,438,-31,0.0,22
234,0,0,361,435,-74,0.0,26
234,1,1,399,571,-172,0.0,25
242,0,0,395,333,62,1.0,25
242,1,1,397,459,-62,0.0,27
250,0,0,254,513,-259,0.0,26
250,1,1,412,338,74,1.0,23
258,0,0,438,404,34,1.0,24
258,1,1,435,337,98,1.0,24
266,0,0,462,375,87,1.0,27
266,1,1,481,367,114,1.0,22
274,0,0,373,364,9,1.0,25
274,1,1,390,325,65,1.0,29
282,0,0,537,490,47,1.0,24
282,1,1,363,390,-27,0.0,26
290,0,0,462,376,86,1.0,23
290,1,1,408,440,-32,0.0,24
298,0,0,572,369,203,1.0,25
298,1,1,590,380,210,1.0,24
3,0,0,439,363,76,1.0,26
3,1,1,536,313,223,1.0,27
11,0,0,359,386,-27,0.0,24
11,1,1,391,457,-66,0.0,24
19,0,0,577,384,193,1.0,27
19,1,1,418,658,-240,0.0,24
27,0,0,423,394,29,1.0,25
27,1,1,504,312,192,1.0,23
35,0,0,460,347,113,1.0,28
35,1,1,389,435,-46,0.0,25
43,0,0,352,461,-109,0.0,23
43,1,1,395,393,2,1.0,22
51,0,0,374,423,-49,0.0,24
51,1,1,443,459,-16,0.0,23
59,0,0,412,502,-90,0.0,25
59,1,1,383,461,-78,0.0,22
67,0,0,435,428,7,1.0,20
67,1,1,385,415,-30,0.0,22
75,0,0,317,562,-245,0.0,21
75,1,1,612,357,255,1.0,21
83,0,0,439,507,-68,0.0,24
83,1,1,432,346,86,1.0,26
91,0,0,410,370,40,1.0,28
91,1,1,410,406,4,1.0,26
99,0,0,477,405,72,1.0,24
99,1,1,415,439,-24,0.0,26
107,0,0,381,358,23,1.0,25
107,1,1,368,471,-103,0.0,26
115,0,0,364,475,-111,0.0,24
115,1,1,390,378,12,1.0,26
123,0,0,473,474,-1,0.0,20
123,1,1,433,482,-49,0.0,22
131,0,0,474,429,45,1.0,23
131,1,1,359,501,-142,0.0,23
139,0,0,416,426,-10,0.0,23
139,1,1,426,374,52,1.0,23
147,0,0,347,509,-162,0.0,28
147,1,1,489,404,85,1.0,23
155,0,0,495,281,214,1.0,24
155,1,1,390,428,-38,0.0,26
163,0,0,369,398,-29,0.0,25
163,1,1,419,422,-3,0.0,24
171,0,0,364,332,32,1.0,25
171,1,1,426,385,41,1.0,27
179,0,0,383,336,47,1.0,21
179,1,1,483,400,83,1.0,21
187,0,0,414,377,37,1.0,23
187,1,1,455,405,50,1.0,22
195,0,0,383,480,-97,0.0,23
195,1,1,437,380,57,1.0,28
203,0,0,496,286,210,1.0,27
203,1,1,338,378,-40,0.0,23
211,0,0,404,338,66,1.0,26
211,1,1,363,339,24,1.0,23
219,0,0,370,480,-110,0.0,31
219,1,1,434,396,38,1.0,22
227,0,0,529,305,224,1.0,23
227,1,1,368,643,-275,0.0,29
235,0,0,437,380,57,1.0,22
235,1,1,386,453,-67,0.0,22
243,0,0,387,472,-85,0.0,26
243,1,1,581,348,233,1.0,27
251,0,0,479,403,76,1.0,22
251,1,1,433,521,-88,0.0,20
259,0,0,358,370,-12,0.0,25
259,1,1,469,282,187,1.0,22
267,0,0,389,536,-147,0.0,21
267,1,1,377,442,-65,0.0,25
275,0,0,405,394,11,1.0,25
275,1,1,433,463,-30,0.0,25
283,0,0,363,444,-81,0.0,24
283,1,1,427,310,117,1.0,28
291,0,0,530,383,147,1.0,25
291,1,1,392,378,14,1.0,25
299,0,0,415,454,-39,0.0,21
299,1,1,364,474,-110,0.0,25
4,0,0,388,384,4,1.0,24
4,1,1,360,313,47,1.0,26
12,0,0,448,361,87,1.0,25
12,1,1,452,440,12,1.0,24
20,0,0,417,421,-4,0.0,22
20,1,1,379,428,-49,0.0,26
28,0,0,431,474,-43,0.0,22
28,1,1,364,427,-63,0.0,23
36,0,0,445,305,140,1.0,29
36,1,1,297,422,-125,0.0,23
44,0,0,509,401,108,1.0,23
44,1,1,307,480,-173,0.0,25
52,0,0,485,418,67,1.0,27
52,1,1,398,411,-13,0.0,24
60,0,0,419,416,3,1.0,23
60,1,1,450,528,-78,0.0,22
68,0,0,483,335,148,1.0,24
68,1,1,325,508,-183,0.0,23
76,0,0,407,436,-29,0.0,23
76,1,1,567,437,130,1.0,22
84,0,0,337,390,-53,0.0,26
84,1,1,452,424,28,1.0,23
92,0,0,444,384,60,1.0,24
92,1,1,451,455,-4,0.0,24
100,0,0,486,500,-14,0.0,21
100,1,1,401,359,42,1.0,26
108,0,0,380,413,-33,0.0,24
108,1,1,445,483,-38,0.0,25
116,0,0,438,479,-41,0.0,22
116,1,1,475,383,92,1.0,23
124,0,0,445,396,49,1.0,23
124,1,1,493,351,142,1.0,25
132,0,0,363,438,-75,0.0,26
132,1,1,490,385,105,1.0,25
140,0,0,401,341,60,1.0,25
140,1,1,409,324,85,1.0,26
148,0,0,335,424,-89,0.0,24
148,1,1,344,387,-43,0.0,22
156,0,0,421,394,27,1.0,25
156,1,1,421,369,52,1.0,27
164,0,0,530,359,171,1.0,23
164,1,1,342,631,-289,0.0,27
172,0,0,374,485,-111,0.0,23
172,1,1,504,389,115,1.0,22
180,0,0,479,337,142,1.0,25
180,1,1,282,506,-224,0.0,26
188,0,0,388,352,36,1.0,31
188,1,1,438,395,43,1.0,27
196,0,0,358,487,-129,0.0,23
196,1,1,374,400,-26,0.0,24
204,0,0,470,405,65,1.0,27
204,1,1,428,423,5,1.0,27
212,0,0,389,429,-40,0.0,23
212,1,1,373,383,-10,0.0,27
220,0,0,460,408,52,1.0,23
220,1,1,411,524,-113,0.0,24
228,0,0,360,399,-39,0.0,24
228,1,1,390,454,-64,0.0,27
236,0,0,498,393,105,1.0,23
236,1,1,432,383,49,1.0,27
244,0,0,384,427,-43,0.0,23
244,1,1,356,408,-52,0.0,27
252,0,0,398,367,31,1.0,25
252,1,1,455,350,105,1.0,25
260,0,0,445,432,13,1.0,24
260,1,1,343,436,-93,0.0,25
268,0,0,364,545,-181,0.0,30
268,1,1,360,351,9,1.0,23
276,0,0,493,421,72,1.0,26
276,1,1,417,404,13,1.0,26
284,0,0,431,319,112,1.0,25
284,1,1,347,386,-39,0.0,22
292,0,0,454,339,115,1.0,25
292,1,1,398,482,-84,0.0,25
5,0,0,354,401,-47,0.0,25
5,1,1,364,424,-60,0.0,24
13,0,0,372,380,-8,0.0,22
13,1,1,487,373,114,1.0,25
21,0,0,354,416,-62,0.0,28
21,1,1,420,347,73,1.0,29
29,0,0,324,441,-117,0.0,28
29,1,1,437,362,75,1.0,26
37,0,0,511,321,190,1.0,26
37,1,1,408,429,-21,0.0,24
45,0,0,450,380,70,1.0,24
45,1,1,538,361,177,1.0,23
53,0,0,377,347,30,1.0,25
53,1,1,332,352,-20,0.0,27
61,0,0,370,462,-92,0.0,29
61,1,1,422,415,7,1.0,28
69,0,0,346,329,17,1.0,26
69,1,1,438,438,0,0.5,25
77,0,0,451,358,93,1.0,25
77,1,1,362,368,-6,0.0,29
85,0,0,563,448,115,1.0,22
85,1,1,445,462,-17,0.0,22
93,0,0,340,478,-138,0.0,28
93,1,1,472,289,183,1.0,26
101,0,0,449,453,-4,0.0,23
101,1,1,512,470,42,1.0,23
109,0,0,422,516,-94,0.0,23
109,1,1,427,431,-4,0.0,23
117,0,0,398,350,48,1.0,27
117,1,1,373,393,-20,0.0,28
125,0,0,475,448,27,1.0,24
125,1,1,386,449,-63,0.0,25
133,0,0,376,408,-32,0.0,31
133,1,1,440,417,23,1.0,24
141,0,0,387,409,-22,0.0,26
141,1,1,446,316,130,1.0,30
149,0,0,378,463,-85,0.0,26
149,1,1,409,471,-62,0.0,24
157,0,0,468,422,46,1.0,22
157,1,1,441,437,4,1.0,26
165,0,0,389,374,15,1.0,26
165,1,1,406,381,25,1.0,25
173,0,0,515,337,178,1.0,31
173,1,1,354,378,-24,0.0,27
181,0,0,544,327,217,1.0,23
181,1,1,381,479,-98,0.0,27
189,0,0,391,362,29,1.0,26
189,1,1,276,423,-147,0.0,28
197,0,0,375,416,-41,0.0,25
197,1,1,425,412,13,1.0,28
205,0,0,375,530,-155,0.0,22
205,1,1,543,344,199,1.0,21
213,0,0,291,498,-207,0.0,30
213,1,1,438,399,39,1.0,25
221,0,0,372,458,-86,0.0,24
221,1,1,391,460,-69,0.0,24
229,0,0,377,379,-2,0.0,25
229,1,1,450,353,97,1.0,26
237,0,0,481,305,176,1.0,23
237,1,1,395,415,-20,0.0,24
245,0,0,434,346,88,1.0,24
245,1,1,320,428,-108,0.0,28
253,0,0,468,410,58,1.0,24
253,1,1,489,305,184,1.0,25
261,0,0,414,381,33,1.0,24
261,1,1,465,551,-86,0.0,24
269,0,0,399,446,-47,0.0,23
269,1,1,561,322,239,1.0,23
277,0,0,390,310,80,1.0,25
277,1,1,469,345,124,1.0,26
285,0,0,353,411,-58,0.0,23
285,1,1,498,401,97,1.0,23
293,0,0,462,471,-9,0.0,30
293,1,1,479,499,-20,0.0,22
6,0,0,403,521,-118,0.0,24
6,1,1,414,470,-56,0.0,21
14,0,0,534,296,238,1.0,27
14,1,1,420,431,-11,0.0,25
22,0,0,375,420,-45,0.0,27
22,1,1,369,440,-71,0.0,24
30,0,0,488,324,164,1.0,27
30,1,1,389,496,-107,0.0,26
38,0,0,516,343,173,1.0,31
38,1,1,321,482,-161,0.0,26
46,0,0,275,558,-283,0.0,26
46,1,1,499,375,124,1.0,23
54,0,0,337,462,-125,0.0,26
54,1,1,407,368,39,1.0,24
62,0,0,445,330,115,1.0,25
62,1,1,258,521,-263,0.0,25
70,0,0,465,279,186,1.0,27
70,1,1,355,454,-99,0.0,31
78,0,0,357,433,-76,0.0,21
78,1,1,312,358,-46,0.0,26
86,0,0,326,458,-132,0.0,22
86,1,1,428,344,84,1.0,25
94,0,0,484,334,150,1.0,23
94,1,1,360,447,-87,0.0,24
102,0,0,400,384,16,1.0,24
102,1,1,405,386,19,1.0,28
110,0,0,427,419,8,1.0,25
110,1,1,442,408,34,1.0,21
118,0,0,454,361,93,1.0,27
118,1,1,412,446,-34,0.0,24
126,0,0,401,341,60,1.0,30
126,1,1,309,370,-61,0.0,23
134,0,0,536,349,187,1.0,21
134,1,1,324,540,-216,0.0,23
142,0,0,458,284,174,1.0,24
142,1,1,406,461,-55,0.0,26
150,0,0,438,449,-11,0.0,24
150,1,1,478,432,46,1.0,23
158,0,0,359,485,-126,0.0,23
158,1,1,544,310,234,1.0,28
166,0,0,542,356,186,1.0,23
166,1,1,487,412,75,1.0,25
174,0,0,402,407,-5,0.0,25
174,1,1,424,415,9,1.0,21
182,0,0,379,462,-83,0.0,26
182,1,1,418,426,-8,0.0,26
190,0,0,465,430,35,1.0,26
190,1,1,433,441,-8,0.0,23
198,0,0,480,378,102,1.0,23
198,1,1,277,491,-214,0.0,25
206,0,0,384,326,58,1.0,26
206,1,1,402,447,-45,0.0,24
214,0,0,396,450,-54,0.0,27
214,1,1,381,402,-21,0.0,31
222,0,0,385,411,-26,0.0,25
222,1,1,469,474,-5,0.0,25
230,0,0,412,385,27,1.0,23
230,1,1,424,383,41,1.0,22
238,0,0,388,572,-184,0.0,23
238,1,1,492,398,94,1.0,21
246,0,0,380,503,-123,0.0,24
246,1,1,429,362,67,1.0,28
254,0,0,460,338,122,1.0,24
254,1,1,484,356,128,1.0,24
262,0,0,433,452,-19,0.0,22
262,1,1,472,392,80,1.0,24
270,0,0,448,376,72,1.0,24
270,1,1,435,433,2,1.0,23
278,0,0,394,502,-108,0.0,22
278,1,1,425,378,47,1.0,22
286,0,0,507,421,86,1.0,21
286,1,1,318,478,-160,0.0,27
294,0,0,444,357,87,1.0,21
294,1,1,530,430,100,1.0,22
7,0,0,408,470,-62,0.0,23
7,1,1,491,428,63,1.0,21
15,0,0,496,430,66,1.0,25
15,1,1,436,330,106,1.0,26
23,0,0,368,396,-28,0.0,24
23,1,1,327,454,-127,0.0,29
31,0,0,503,477,26,1.0,22
31,1,1,345,460,-115,0.0,24
39,0,0,451,298,153,1.0,27
39,1,1,423,376,47,1.0,25
47,0,0,416,328,88,1.0,26
47,1,1,318,555,-237,0.0,30
55,0,0,402,543,-141,0.0,24
55,1,1,442,460,-18,0.0,24
63,0,0,327,504,-177,0.0,26
63,1,1,328,471,-143,0.0,26
71,0,0,394,365,29,1.0,30
71,1,1,464,393,71,1.0,29
79,0,0,418,399,19,1.0,24
79,1,1,529,394,135,1.0,24
87,0,0,423,427,-4,0.0,24
87,1,1,371,433,-62,0.0,24
95,0,0,326,487,-161,0.0,25
95,1,1,408,414,-6,0.0,22
103,0,0,414,382,32,1.0,26
103,1,1,356,457,-101,0.0,26
111,0,0,443,337,106,1.0,26
111,1,1,441,399,42,1.0,26
119,0,0,387,377,10,1.0,29
119,1,1,549,310,239,1.0,27
127,0,0,410,459,-49,0.0,23
127,1,1,445,323,122,1.0,23
135,0,0,432,350,82,1.0,27
135,1,1,458,298,160,1.0,27
143,0,0,373,392,-19,0.0,25
143,1,1,486,377,109,1.0,24
151,0,0,493,391,102,1.0,23
151,1,1,325,489,-164,0.0,23
159,0,0,386,460,-74,0.0,22
159,1,1,378,457,-79,0.0,22
167,0,0,324,473,-149,0.0,23
167,1,1,473,350,123,1.0,27
175,0,0,471,401,70,1.0,23
175,1,1,412,407,5,1.0,27
183,0,0,378,404,-26,0.0,28
183,1,1,446,328,118,1.0,30
191,0,0,421,443,-22,0.0,26
191,1,1,509,416,93,1.0,27
199,0,0,381,345,36,1.0,24
199,1,1,322,440,-118,0.0,22
207,0,0,440,416,24,1.0,24
207,1,1,316,417,-101,0.0,26
215,0,0,407,356,51,1.0,25
215,1,1,370,473,-103,0.0,24
223,0,0,529,305,224,1.0,24
223,1,1,442,477,-35,0.0,29
231,0,0,538,317,221,1.0,22
231,1,1,402,429,-27,0.0,22
239,0,0,386,447,-61,0.0,25
239,1,1,526,317,209,1.0,24
247,0,0,397,443,-46,0.0,21
247,1,1,500,378,122,1.0,26
255,0,0,323,511,-188,0.0,25
255,1,1,440,365,75,1.0,26
263,0,0,406,392,14,1.0,27
263,1,1,426,416,10,1.0,23
271,0,0,398,421,-23,0.0,26
271,1,1,410,339,71,1.0,23
279,0,0,465,452,13,1.0,22
279,1,1,383,408,-25,0.0,25
287,0,0,448,479,-31,0.0,21
287,1,1,387,432,-45,0.0,27
295,0,0,441,396,45,1.0,24
295,1,1,345,480,-135,0.0,24
