game,source_seed,batch,source_pos,turn,bag,phase,score_lead,pos
407,202610014007,4,146,11,26,late,79,189
673,202610016073,6,1353,17,16,late,62,315
747,202610017047,7,882,18,6,late,51,347
298,202610012098,2,1822,17,13,late,58,142
349,202610013049,3,909,11,29,late,41,156
773,202610017073,7,1362,15,20,late,75,359
39,202610010039,0,741,14,20,late,80,17
371,202610013071,3,1326,15,9,late,41,169
295,202610012095,2,1764,16,13,late,46,140
810,202610018010,8,197,16,12,late,42,379
572,202610015072,5,1370,19,8,late,67,268
742,202610017042,7,786,13,17,late,79,343
733,202610017033,7,628,13,22,late,41,339
851,202610018051,8,960,15,12,late,58,399
471,202610014071,4,1344,16,11,late,68,216
239,202610012039,2,734,18,14,late,49,116
59,202610010059,0,1111,13,19,late,60,29
68,202610010068,0,1268,12,26,late,51,32
829,202610018029,8,547,15,19,late,64,387
99,202610010099,0,1836,17,7,late,40,48
167,202610011067,1,1252,13,21,late,52,82
846,202610018046,8,869,16,14,late,59,397
41,202610010041,0,780,14,11,late,80,19
534,202610015034,5,651,12,21,late,77,245
852,202610018052,8,975,13,21,late,63,400
777,202610017077,7,1439,14,24,late,41,361
201,202610012001,2,31,12,27,late,60,99
798,202610017098,7,1820,17,7,late,71,373
142,202610011042,1,800,14,24,late,53,72
842,202610018042,8,800,19,6,late,51,395
744,202610017044,7,820,12,29,late,42,344
140,202610011040,1,763,13,25,late,63,70
527,202610015027,5,523,16,11,late,71,240
708,202610017008,7,169,17,12,late,51,328
701,202610017001,7,35,16,12,late,61,326
419,202610014019,4,371,18,14,late,74,193
394,202610013094,3,1755,14,18,late,57,180
391,202610013091,3,1701,17,14,late,41,179
133,202610011033,1,633,16,18,late,42,66
386,202610013086,3,1607,13,27,late,58,176
712,202610017012,7,243,15,14,late,51,330
483,202610014083,4,1560,14,22,late,73,222
16,202610010016,0,303,13,23,late,56,7
799,202610017099,7,1834,13,23,late,43,374
452,202610014052,4,1000,18,6,late,75,207
537,202610015037,5,708,17,25,late,49,247
352,202610013052,3,965,16,23,late,41,159
364,202610013064,3,1197,12,22,late,59,165
449,202610014049,4,946,17,8,late,68,205
750,202610017050,7,940,17,9,late,66,350
524,202610015024,5,467,15,18,late,44,239
445,202610014045,4,870,16,10,late,57,202
87,202610010087,0,1611,14,27,late,44,43
457,202610014057,4,1088,14,20,late,71,208
36,202610010036,0,686,16,20,late,51,16
586,202610015086,5,1635,16,16,late,54,275
46,202610010046,0,873,16,9,late,67,23
568,202610015068,5,1295,16,17,late,54,267
806,202610018006,8,123,16,14,late,59,377
272,202610012072,2,1348,16,16,late,70,130
494,202610014094,4,1763,16,9,late,55,227
595,202610015095,5,1801,15,17,late,62,279
823,202610018023,8,433,12,29,late,47,384
408,202610014008,4,166,15,18,late,64,190
772,202610017072,7,1345,18,10,late,73,358
348,202610013048,3,896,16,16,late,77,155
749,202610017049,7,921,16,10,late,52,349
557,202610015057,5,1087,17,17,late,49,260
320,202610013020,3,376,16,8,late,42,148
357,202610013057,3,1063,13,25,late,45,162
79,202610010079,0,1465,11,26,late,50,38
75,202610010075,0,1397,15,21,late,63,37
296,202610012096,2,1780,13,28,late,67,141
628,202610016028,6,517,14,24,late,80,293
71,202610010071,0,1323,14,16,late,49,34
551,202610015051,5,974,16,20,late,50,256
398,202610013098,3,1827,14,13,late,59,182
266,202610012066,2,1239,18,13,late,46,127
479,202610014079,4,1493,15,9,late,60,220
328,202610013028,3,527,16,7,late,69,149
40,202610010040,0,765,19,9,late,55,18
253,202610012053,2,1003,18,6,late,52,121
730,202610017030,7,574,15,22,late,40,337
731,202610017031,7,596,17,10,late,51,338
587,202610015087,5,1657,18,10,late,52,276
288,202610012088,2,1642,17,6,late,74,137
696,202610016096,6,1783,15,11,late,62,323
547,202610015047,5,897,17,20,late,60,254
700,202610017000,7,16,16,12,late,57,325
646,202610016046,6,854,17,13,late,41,304
278,202610012078,2,1457,17,12,late,57,132
414,202610014014,4,281,16,13,late,40,191
530,202610015030,5,583,20,11,late,65,242
228,202610012028,2,525,14,24,late,57,109
276,202610012076,2,1420,14,19,late,46,131
791,202610017091,7,1697,16,12,late,48,368
755,202610017055,7,1034,17,9,late,63,352
641,202610016041,6,762,13,22,late,80,302
735,202610017035,7,660,11,29,late,70,340
815,202610018015,8,291,14,22,late,55,380
388,202610013088,3,1643,13,26,late,70,177
403,202610014003,4,77,17,12,late,53,186
318,202610013018,3,336,14,24,late,52,147
558,202610015058,5,1104,13,26,late,56,261
632,202610016032,6,595,16,11,late,46,296
359,202610013059,3,1104,17,25,late,42,164
476,202610014076,4,1437,17,7,late,75,218
658,202610016058,6,1077,17,18,late,73,307
417,202610014017,4,333,14,21,late,57,192
654,202610016054,6,1001,15,24,late,64,306
737,202610017037,7,697,14,25,late,44,342
694,202610016094,6,1745,14,19,late,65,321
48,202610010048,0,909,16,15,late,48,24
821,202610018021,8,400,14,17,late,73,383
347,202610013047,3,877,16,12,late,53,154
516,202610015016,5,327,18,8,late,57,235
206,202610012006,2,124,17,11,late,52,102
252,202610012052,2,981,12,21,late,43,120
724,202610017024,7,464,14,13,late,45,333
699,202610016099,6,1835,14,25,late,47,324
265,202610012065,2,1214,11,28,late,76,126
468,202610014068,4,1286,18,5,late,42,215
376,202610013076,3,1414,13,18,late,68,172
374,202610013074,3,1379,16,12,late,66,171
728,202610017028,7,539,16,9,late,56,336
241,202610012041,2,766,12,25,late,78,118
166,202610011066,1,1235,14,16,late,58,81
545,202610015045,5,860,18,8,late,59,253
23,202610010023,0,437,13,27,late,51,10
517,202610015017,5,342,14,27,late,55,236
61,202610010061,0,1149,16,12,late,69,30
118,202610011018,1,358,16,8,late,45,55
70,202610010070,0,1308,15,7,late,44,33
520,202610015020,5,398,14,13,late,75,237
134,202610011034,1,656,20,10,late,63,67
809,202610018009,8,176,12,26,late,73,378
631,202610016031,6,574,15,21,late,44,295
223,202610012023,2,437,14,17,late,59,108
242,202610012042,2,789,16,24,late,61,119
89,202610010089,0,1649,15,23,late,71,44
42,202610010042,0,800,17,9,late,57,20
114,202610011014,1,279,12,26,late,60,53
6,202610010006,0,122,14,19,late,47,2
432,202610014032,4,624,15,26,late,77,200
562,202610015062,5,1180,12,28,late,53,264
509,202610015009,5,187,13,25,late,41,234
834,202610018034,8,640,13,22,late,69,390
752,202610017052,7,975,16,11,late,54,351
286,202610012086,2,1601,14,17,late,78,135
496,202610014096,4,1800,17,5,late,49,229
121,202610011021,1,408,11,29,late,60,57
633,202610016033,6,614,16,13,late,44,297
232,202610012032,2,603,17,7,late,40,112
95,202610010095,0,1762,14,24,late,58,47
676,202610016076,6,1412,17,10,late,68,316
58,202610010058,0,1096,17,12,late,61,28
548,202610015048,5,916,15,22,late,48,255
500,202610015000,5,14,14,24,late,61,231
189,202610011089,1,1663,15,11,late,46,93
695,202610016095,6,1767,19,5,late,41,322
499,202610014099,4,1848,14,27,late,80,230
492,202610014092,4,1723,12,28,late,67,226
5,202610010005,0,104,13,26,late,63,1
832,202610018032,8,608,17,7,late,75,389
608,202610016008,6,152,15,20,late,73,285
687,202610016087,6,1617,15,29,late,74,318
34,202610010034,0,649,13,21,late,76,15
690,202610016090,6,1675,16,5,late,72,319
702,202610017002,7,54,17,5,late,52,327
190,202610011090,1,1681,17,13,late,47,94
205,202610012005,2,104,14,19,late,45,101
539,202610015039,5,748,17,17,late,51,249
72,202610010072,0,1340,13,22,late,77,35
421,202610014021,4,405,13,29,late,51,195
150,202610011050,1,942,12,28,late,66,77
640,202610016040,6,744,13,24,late,66,301
358,202610013058,3,1085,16,10,late,73,163
74,202610010074,0,1375,12,25,late,59,36
647,202610016047,6,875,18,6,late,67,305
604,202610016004,6,81,10,26,late,80,283
44,202610010044,0,834,15,26,late,71,22
208,202610012008,2,162,16,22,late,69,103
796,202610017096,7,1786,16,6,late,77,372
711,202610017011,7,224,17,14,late,54,329
726,202610017026,7,500,15,13,late,43,334
567,202610015067,5,1272,14,25,late,45,266
661,202610016061,6,1129,12,25,late,46,308
538,202610015038,5,730,17,10,late,45,248
788,202610017088,7,1639,11,25,late,67,367
451,202610014051,4,980,16,16,late,53,206
291,202610012091,2,1689,14,18,late,68,139
287,202610012087,2,1620,14,24,late,43,136
563,202610015063,5,1201,16,19,late,43,265
178,202610011078,1,1460,16,17,late,72,86
332,202610013032,3,598,12,27,late,64,152
825,202610018025,8,473,15,20,late,55,386
581,202610015081,5,1534,13,20,late,42,273
617,202610016017,6,314,19,5,late,62,289
748,202610017048,7,900,17,19,late,48,348
665,202610016065,6,1198,12,28,late,63,309
429,202610014029,4,570,18,7,late,47,198
481,202610014081,4,1525,13,22,late,50,221
333,202610013033,3,615,12,27,late,78,153
495,202610014095,4,1780,16,14,late,57,228
460,202610014060,4,1142,17,20,late,72,210
841,202610018041,8,779,19,7,late,51,394
667,202610016067,6,1236,12,25,late,70,310
533,202610015033,5,636,16,15,late,76,244
465,202610014065,4,1228,12,25,late,58,214
607,202610016007,6,136,16,7,late,43,284
283,202610012083,2,1549,15,11,late,63,134
786,202610017086,7,1606,18,10,late,80,366
785,202610017085,7,1586,16,9,late,61,365
523,202610015023,5,447,12,25,late,54,238
831,202610018031,8,586,13,26,late,79,388
329,202610013029,3,540,12,27,late,73,150
19,202610010019,0,359,15,20,late,64,8
122,202610011022,1,431,16,9,late,67,58
609,202610016009,6,172,15,15,late,40,286
474,202610014074,4,1398,15,19,late,40,217
120,202610011020,1,392,14,18,late,67,56
504,202610015004,5,93,13,18,late,40,233
238,202610012038,2,715,18,5,late,40,115
315,202610013015,3,281,15,20,late,41,146
792,202610017092,7,1716,17,8,late,67,369
32,202610010032,0,612,15,27,late,40,13
126,202610011026,1,501,12,29,late,46,60
80,202610010080,0,1487,16,5,late,63,39
461,202610014061,4,1162,16,13,late,60,211
795,202610017095,7,1767,15,18,late,43,371
129,202610011029,1,557,15,25,late,57,63
402,202610014002,4,55,16,24,late,75,185
624,202610016024,6,442,13,28,late,46,292
30,202610010030,0,576,13,20,late,56,12
192,202610011092,1,1720,18,10,late,61,95
555,202610015055,5,1050,14,14,late,47,258
54,202610010054,0,1019,14,29,late,47,26
423,202610014023,4,442,11,26,late,42,196
668,202610016068,6,1253,12,27,late,63,311
331,202610013031,3,584,21,9,late,43,151
576,202610015076,5,1440,12,27,late,67,271
314,202610013014,3,265,15,9,late,42,145
486,202610014086,4,1612,12,28,late,48,224
614,202610016014,6,260,16,10,late,71,288
629,202610016029,6,539,16,9,late,47,294
175,202610011075,1,1405,15,16,late,55,84
501,202610015001,5,34,16,19,late,51,232
356,202610013056,3,1043,14,28,late,46,161
57,202610010057,0,1073,13,29,late,65,27
260,202610012060,2,1124,13,17,late,48,123
354,202610013054,3,1007,19,17,late,77,160
559,202610015059,5,1123,12,29,late,54,262
383,202610013083,3,1552,17,24,late,49,174
263,202610012063,2,1180,14,25,late,43,125
202,202610012002,2,49,13,23,late,56,100
147,202610011047,1,892,13,24,late,46,75
20,202610010020,0,381,19,7,late,67,9
233,202610012033,2,619,15,26,late,45,113
577,202610015077,5,1461,15,17,late,75,272
185,202610011085,1,1587,11,27,late,49,91
90,202610010090,0,1669,14,19,late,63,45
612,202610016012,6,221,10,29,late,65,287
270,202610012070,2,1311,15,13,late,70,128
596,202610015096,5,1819,13,15,late,61,280
116,202610011016,1,324,21,5,late,43,54
385,202610013085,3,1591,13,15,late,50,175
556,202610015056,5,1066,14,13,late,45,259
180,202610011080,1,1499,18,18,late,58,88
620,202610016020,6,371,18,15,late,61,290
113,202610011013,1,262,18,17,late,57,52
156,202610011056,1,1052,15,15,late,43,78
111,202610011011,1,226,19,11,late,61,51
165,202610011065,1,1219,16,10,late,42,80
736,202610017036,7,682,16,7,late,64,341
262,202610012062,2,1163,15,15,late,80,124
66,202610010066,0,1235,16,10,late,51,31
575,202610015075,5,1427,19,9,late,53,270
230,202610012030,2,566,15,18,late,55,110
271,202610012071,2,1331,17,7,late,49,129
838,202610018038,8,716,20,6,late,71,392
198,202610011098,1,1821,12,25,late,45,98
138,202610011038,1,726,13,23,late,44,68
588,202610015088,5,1679,21,6,late,72,277
101,202610011001,1,31,13,27,late,68,49
824,202610018024,8,455,16,14,late,63,385
290,202610012090,2,1673,13,15,late,40,138
351,202610013051,3,944,12,24,late,48,158
128,202610011028,1,540,15,14,late,52,62
850,202610018050,8,940,14,21,late,40,398
597,202610015097,5,1840,17,5,late,56,281
644,202610016044,6,815,15,12,late,66,303
583,202610015083,5,1575,16,12,late,50,274
162,202610011062,1,1161,13,19,late,58,79
693,202610016093,6,1727,16,13,late,41,320
218,202610012018,2,345,14,21,late,46,105
745,202610017045,7,841,14,26,late,77,345
304,202610013004,3,86,14,22,late,50,143
816,202610018016,8,311,16,8,late,77,381
406,202610014006,4,132,15,11,late,75,188
561,202610015061,5,1162,14,25,late,42,263
188,202610011088,1,1644,15,18,late,51,92
767,202610017067,7,1251,15,18,late,48,356
727,202610017027,7,516,13,21,late,48,335
639,202610016039,6,726,14,25,late,68,300
306,202610013006,3,122,16,9,late,46,144
8,202610010008,0,157,13,22,late,46,3
125,202610011025,1,488,18,5,late,55,59
389,202610013089,3,1666,19,5,late,66,178
130,202610011030,1,576,14,24,late,54,64
29,202610010029,0,558,13,24,late,47,11
401,202610014001,4,34,15,22,late,55,184
368,202610013068,3,1271,16,17,late,57,168
144,202610011044,1,839,13,20,late,73,73
800,202610018000,8,13,13,27,late,57,375
215,202610012015,2,290,16,11,late,43,104
840,202610018040,8,756,16,19,late,41,393
621,202610016021,6,391,16,13,late,48,291
405,202610014005,4,115,19,8,late,56,187
221,202610012021,2,396,14,24,late,69,107
541,202610015041,5,785,16,19,late,47,251
837,202610018037,8,694,14,12,late,70,391
671,202610016071,6,1315,17,12,late,70,313
43,202610010043,0,818,17,6,late,78,21
540,202610015040,5,766,15,13,late,75,250
110,202610011010,1,205,14,10,late,58,50
669,202610016069,6,1276,19,7,late,42,312
396,202610013096,3,1791,16,15,late,55,181
759,202610017059,7,1106,12,21,late,44,355
636,202610016036,6,668,13,22,late,42,299
459,202610014059,4,1121,14,16,late,64,209
49,202610010049,0,928,16,23,late,50,25
181,202610011081,1,1519,16,20,late,47,89
714,202610017014,7,280,16,26,late,70,331
781,202610017081,7,1511,14,26,late,50,363
776,202610017076,7,1420,14,24,late,56,360
448,202610014048,4,923,13,26,late,57,204
399,202610013099,3,1845,16,11,late,80,183
184,202610011084,1,1573,16,14,late,47,90
477,202610014077,4,1456,18,7,late,45,219
381,202610013081,3,1514,17,12,late,45,173
531,202610015031,5,601,16,8,late,44,243
141,202610011041,1,782,15,19,late,58,71
536,202610015036,5,690,16,7,late,59,246
721,202610017021,7,407,14,23,late,47,332
746,202610017046,7,862,16,9,late,44,346
127,202610011027,1,519,12,29,late,40,61
33,202610010033,0,635,18,10,late,46,14
756,202610017056,7,1049,13,28,late,63,353
484,202610014084,4,1581,16,14,late,68,223
819,202610018019,8,362,11,26,late,41,382
13,202610010013,0,250,14,21,late,42,6
176,202610011076,1,1420,12,28,late,72,85
219,202610012019,2,362,13,22,late,55,106
440,202610014040,4,779,14,14,late,50,201
843,202610018043,8,815,14,15,late,45,396
778,202610017078,7,1460,16,8,late,60,362
634,202610016034,6,631,15,20,late,59,298
131,202610011031,1,596,16,11,late,53,65
601,202610016001,6,27,10,29,late,55,282
544,202610015044,5,836,12,29,late,52,252
427,202610014027,4,532,23,7,late,57,197
794,202610017094,7,1745,11,23,late,70,370
231,202610012031,2,582,12,18,late,73,111
554,202610015054,5,1029,12,27,late,41,257
149,202610011049,1,926,14,18,late,53,76
83,202610010083,0,1543,16,12,late,48,41
197,202610011097,1,1804,13,24,late,62,97
365,202610013065,3,1216,15,15,late,57,166
146,202610011046,1,877,15,14,late,53,74
672,202610016072,6,1332,14,15,late,66,314
10,202610010010,0,196,17,8,late,65,4
240,202610012040,2,751,15,14,late,71,117
350,202610013050,3,930,16,9,late,63,157
235,202610012035,2,656,13,28,late,61,114
770,202610017070,7,1303,11,26,late,49,357
757,202610017057,7,1069,15,17,late,44,354
366,202610013066,3,1235,15,10,late,79,167
801,202610018001,8,35,16,7,late,76,376
193,202610011093,1,1740,18,8,late,61,96
592,202610015092,5,1748,14,21,late,69,278
446,202610014046,4,887,15,13,late,73,203
279,202610012079,2,1475,16,6,late,53,133
462,202610014062,4,1179,14,23,late,42,212
94,202610010094,0,1745,17,14,late,71,46
179,202610011079,1,1478,14,15,late,70,87
487,202610014087,4,1635,17,8,late,71,225
11,202610010011,0,212,15,17,late,52,5
139,202610011039,1,746,15,19,late,73,69
86,202610010086,0,1591,12,25,late,72,42
257,202610012057,2,1074,14,16,late,47,122
574,202610015074,5,1405,16,15,late,42,269
529,202610015029,5,557,13,24,late,66,241
677,202610016077,6,1430,16,13,late,56,317
464,202610014064,4,1214,15,11,late,61,213
173,202610011073,1,1370,17,15,late,50,83
784,202610017084,7,1567,14,14,late,51,364
372,202610013072,3,1340,12,27,late,55,170
81,202610010081,0,1506,18,22,late,47,40
420,202610014020,4,389,15,15,late,42,194
431,202610014031,4,607,18,13,late,46,199
