pos,game,turn,bag,phase,batch,source_pos,source_seed
1092,1091,16,16,late,10,1671,202609400791
875,874,10,41,middle,8,1326,202609380774
427,426,3,73,early,4,472,202609340726
407,406,11,41,middle,4,121,202609340706
303,302,16,18,late,3,53,202609330702
772,771,4,61,early,7,1285,202609370771
1049,1048,10,39,middle,10,868,202609400748
413,412,11,38,middle,4,228,202609340712
1131,1130,14,12,late,11,560,202609410730
1003,1002,3,73,early,10,39,202609400702
212,211,6,57,middle,2,214,202609320711
297,296,16,11,late,2,1753,202609320796
788,787,6,51,middle,7,1560,202609370787
1174,1173,3,72,early,11,1307,202609410773
472,471,1,79,early,4,1298,202609340771
115,114,4,71,early,1,253,202609310714
185,184,8,47,middle,1,1515,202609310784
321,320,16,28,late,3,379,202609330720
717,716,14,28,late,7,307,202609370716
1152,1151,18,9,late,11,932,202609410751
168,167,15,23,late,1,1219,202609310767
1052,1051,12,38,middle,10,924,202609400751
949,948,6,60,early,9,881,202609390748
25,24,3,76,early,0,437,202609300724
843,842,13,25,late,8,761,202609380742
977,976,6,55,middle,9,1389,202609390776
732,731,15,14,late,7,585,202609370731
1137,1136,12,25,late,11,662,202609410736
403,402,2,77,early,4,36,202609340702
1011,1010,16,14,late,10,198,202609400710
863,862,8,47,middle,8,1116,202609380762
213,212,15,19,late,2,239,202609320712
550,549,4,67,early,5,877,202609350749
156,155,14,20,late,1,1002,202609310755
480,479,15,12,late,4,1458,202609340779
1043,1042,6,55,middle,10,756,202609400742
702,701,12,29,late,7,30,202609370701
718,717,4,64,early,7,317,202609370717
49,48,4,66,early,0,872,202609300748
169,168,4,60,early,1,1230,202609310768
960,959,13,23,late,9,1086,202609390759
189,188,16,12,late,1,1597,202609310788
730,729,4,65,early,7,535,202609370729
141,140,16,10,late,1,732,202609310740
1088,1087,10,39,middle,10,1591,202609400787
284,283,10,38,middle,2,1510,202609320783
500,499,7,54,middle,4,1816,202609340799
709,708,1,81,early,7,143,202609370708
1156,1155,3,70,early,11,989,202609410755
47,46,11,33,middle,0,844,202609300746
1170,1169,15,14,late,11,1247,202609410769
769,768,1,81,early,7,1228,202609370768
861,860,16,15,late,8,1088,202609380760
729,728,17,9,late,7,530,202609370728
670,669,1,82,early,6,1248,202609360769
558,557,13,24,late,5,1033,202609350757
452,451,9,45,middle,4,940,202609340751
1166,1165,8,41,middle,11,1167,202609410765
569,568,9,43,middle,5,1225,202609350768
188,187,6,56,middle,1,1568,202609310787
310,309,1,81,early,3,168,202609330709
1031,1030,10,33,middle,10,554,202609400730
626,625,10,37,middle,6,461,202609360725
600,599,14,16,late,5,1777,202609350799
105,104,14,18,late,1,85,202609310704
826,825,3,70,early,8,440,202609380725
1001,1000,10,41,middle,10,10,202609400700
783,782,12,24,late,7,1479,202609370782
928,927,2,80,early,9,498,202609390727
119,118,7,51,middle,1,330,202609310718
782,781,8,47,middle,7,1458,202609370781
747,746,14,23,late,7,854,202609370746
35,34,9,42,middle,0,628,202609300734
957,956,15,12,late,9,1036,202609390756
502,501,5,61,early,5,21,202609350701
768,767,19,7,late,7,1226,202609370767
1016,1015,8,47,middle,10,281,202609400715
896,895,10,36,middle,8,1711,202609380795
679,678,2,78,early,6,1412,202609360778
938,937,10,44,middle,9,684,202609390737
134,133,7,58,middle,1,599,202609310733
868,867,4,66,early,8,1200,202609380767
176,175,11,31,middle,1,1357,202609310775
647,646,10,33,middle,6,837,202609360746
153,152,16,13,late,1,953,202609310752
563,562,8,49,middle,5,1115,202609350762
942,941,15,12,late,9,763,202609390741
817,816,3,71,early,8,285,202609380716
53,52,6,56,middle,0,945,202609300752
923,922,12,32,middle,9,421,202609390722
642,641,12,26,late,6,747,202609360741
237,236,16,13,late,2,676,202609320736
987,986,13,17,late,9,1575,202609390786
56,55,13,35,middle,0,1007,202609300755
160,159,5,65,early,1,1068,202609310759
75,74,14,19,late,0,1350,202609300774
964,963,5,68,early,9,1150,202609390763
554,553,9,48,middle,5,954,202609350753
417,416,16,12,late,4,303,202609340716
86,85,10,41,middle,0,1548,202609300785
140,139,8,46,middle,1,706,202609310739
128,127,8,50,middle,1,490,202609310727
562,561,3,72,early,5,1095,202609350761
269,268,10,35,middle,2,1250,202609320768
355,354,3,69,early,3,980,202609330754
666,665,14,17,late,6,1191,202609360765
22,21,2,76,early,0,379,202609300721
30,29,16,16,late,0,543,202609300729
894,893,13,22,late,8,1678,202609380793
1178,1177,7,52,middle,11,1380,202609410777
244,243,4,69,early,2,795,202609320743
305,304,9,50,middle,3,82,202609330704
324,323,17,15,late,3,440,202609330723
508,507,4,62,early,5,129,202609350707
1046,1045,9,44,middle,10,814,202609400745
93,92,14,18,late,0,1678,202609300792
441,440,15,21,late,4,748,202609340740
377,376,8,41,middle,3,1382,202609330776
1111,1110,6,63,early,11,185,202609410710
651,650,16,9,late,6,915,202609360750
982,981,2,78,early,9,1480,202609390781
20,19,8,46,middle,0,349,202609300719
273,272,15,23,late,2,1321,202609320772
543,542,16,12,late,5,768,202609350742
224,223,7,49,middle,2,433,202609320723
130,129,4,71,early,1,526,202609310729
304,303,2,75,early,3,57,202609330703
676,675,4,60,early,6,1362,202609360775
320,319,9,38,middle,3,356,202609330719
953,952,6,57,middle,9,956,202609390752
4,3,2,81,early,0,56,202609300703
846,845,13,25,late,8,816,202609380745
36,35,13,26,late,0,650,202609300735
659,658,11,35,middle,6,1059,202609360758
159,158,18,12,late,1,1062,202609310758
643,642,6,63,early,6,758,202609360742
1038,1037,15,13,late,10,677,202609400737
973,972,2,76,early,9,1311,202609390772
28,27,3,72,early,0,494,202609300727
611,610,6,53,middle,6,190,202609360710
1039,1038,2,74,early,10,682,202609400738
733,732,2,76,early,7,589,202609370732
262,261,5,61,early,2,1121,202609320761
384,383,17,12,late,3,1513,202609330783
955,954,3,71,early,9,987,202609390754
774,773,12,21,late,7,1322,202609370773
513,512,11,27,late,5,225,202609350712
974,973,12,38,middle,9,1339,202609390773
737,736,8,47,middle,7,671,202609370736
911,910,7,56,middle,9,190,202609390710
828,827,16,20,late,8,488,202609380727
504,503,17,14,late,5,71,202609350703
842,841,9,32,middle,8,743,202609380741
1133,1132,10,31,middle,11,588,202609410732
687,686,15,15,late,6,1568,202609360786
339,338,15,14,late,3,709,202609330738
46,45,5,61,early,0,821,202609300745
351,350,12,28,late,3,920,202609330750
515,514,5,58,middle,5,250,202609350714
308,307,10,38,middle,3,139,202609330707
408,407,15,13,late,4,145,202609340707
603,602,17,19,late,6,53,202609360702
101,100,10,33,middle,1,10,202609310700
170,169,8,45,middle,1,1248,202609310769
765,764,16,12,late,7,1172,202609370764
650,649,8,53,middle,6,889,202609360749
1004,1003,7,50,middle,10,61,202609400703
738,737,16,8,late,7,695,202609370737
1005,1004,12,27,late,10,83,202609400704
881,880,11,44,middle,8,1436,202609380780
73,72,2,77,early,0,1300,202609300772
597,596,13,25,late,5,1721,202609350796
840,839,14,28,late,8,712,202609380739
1186,1185,4,72,early,11,1516,202609410785
1099,1098,1,81,early,10,1782,202609400798
528,527,15,7,late,5,500,202609350727
573,572,12,22,late,5,1297,202609350772
1182,1181,13,26,late,11,1457,202609410781
901,900,6,60,early,9,6,202609390700
904,903,3,72,early,9,59,202609390703
83,82,7,54,middle,0,1488,202609300782
26,25,8,49,middle,0,461,202609300725
1112,1111,9,45,middle,11,210,202609410711
484,483,3,79,early,4,1518,202609340783
696,695,14,25,late,6,1740,202609360795
794,793,9,36,middle,7,1672,202609370793
323,322,9,49,middle,3,413,202609330722
799,798,4,64,early,7,1756,202609370798
14,13,10,42,middle,0,247,202609300713
274,273,5,60,early,2,1329,202609320773
1071,1070,15,15,late,10,1284,202609400770
627,626,15,11,late,6,482,202609360726
757,756,5,62,early,7,1016,202609370756
1154,1153,12,30,middle,11,962,202609410753
375,374,15,26,late,3,1351,202609330774
98,97,7,52,middle,0,1763,202609300797
293,292,9,49,middle,2,1673,202609320792
749,748,13,32,middle,7,887,202609370748
1026,1025,14,26,late,10,465,202609400725
922,921,1,81,early,9,390,202609390721
910,909,3,72,early,9,169,202609390709
631,630,2,78,early,6,537,202609360730
940,939,3,70,early,9,713,202609390739
129,128,15,20,late,1,515,202609310728
865,864,5,63,early,8,1149,202609380764
50,49,9,41,middle,0,893,202609300749
751,750,3,74,early,7,911,202609370750
990,989,14,24,late,9,1630,202609390789
418,417,4,66,early,4,308,202609340717
609,608,17,8,late,6,164,202609360708
392,391,8,51,middle,3,1655,202609330791
399,398,15,19,late,3,1783,202609330798
998,997,7,48,middle,9,1779,202609390797
1059,1058,13,22,late,10,1059,202609400758
227,226,9,48,middle,2,487,202609320726
831,830,17,13,late,8,541,202609380730
1006,1005,3,72,early,10,93,202609400705
685,684,4,60,early,6,1522,202609360784
136,135,4,69,early,1,632,202609310735
196,195,5,65,early,1,1715,202609310795
703,702,4,61,early,7,42,202609370702
453,452,13,28,late,4,962,202609340752
1090,1089,1,81,early,10,1621,202609400789
250,249,3,70,early,2,905,202609320749
461,460,6,54,middle,4,1098,202609340760
690,689,16,16,late,6,1627,202609360789
347,346,7,59,middle,3,843,202609330746
7,6,5,63,early,0,112,202609300706
471,470,17,8,late,4,1296,202609340770
10,9,3,73,early,0,166,202609300709
636,635,18,9,late,6,644,202609360735
37,36,4,67,early,0,657,202609300736
860,859,5,57,middle,8,1060,202609380759
742,741,5,60,early,7,757,202609370741
145,144,8,60,early,1,797,202609310744
18,17,11,29,late,0,320,202609300717
682,681,4,63,early,6,1467,202609360781
825,824,13,19,late,8,433,202609380724
443,442,11,34,middle,4,781,202609340742
966,965,15,17,late,9,1194,202609390765
661,660,2,75,early,6,1084,202609360760
1037,1036,9,47,middle,10,655,202609400736
620,619,9,35,middle,6,352,202609360719
944,943,8,58,middle,9,792,202609390743
570,569,13,29,late,5,1246,202609350769
239,238,13,32,middle,2,709,202609320738
607,606,3,70,early,6,111,202609360706
450,449,16,24,late,4,908,202609340749
462,461,18,12,late,4,1127,202609340761
639,638,15,14,late,6,697,202609360738
779,778,11,33,middle,7,1407,202609370778
1162,1161,5,64,early,11,1094,202609410761
493,492,3,74,early,4,1680,202609340792
1018,1017,3,69,early,10,313,202609400717
74,73,11,41,middle,0,1329,202609300773
133,132,3,76,early,1,577,202609310732
1055,1054,11,45,middle,10,982,202609400754
194,193,10,33,middle,1,1682,202609310793
161,160,10,38,middle,1,1091,202609310760
307,306,4,74,early,3,115,202609330706
918,917,15,21,late,9,330,202609390717
758,757,11,30,middle,7,1040,202609370757
1033,1032,1,79,early,10,579,202609400732
771,770,16,20,late,7,1277,202609370770
900,899,16,15,late,8,1786,202609380799
1041,1040,16,12,late,10,730,202609400740
752,751,6,56,middle,7,933,202609370751
163,162,1,81,early,1,1118,202609310762
282,281,16,15,late,2,1478,202609320781
499,498,3,73,early,4,1793,202609340798
1025,1024,7,47,middle,10,442,202609400724
329,328,14,31,middle,3,528,202609330728
1196,1195,7,53,middle,11,1707,202609410795
1056,1055,17,8,late,10,1007,202609400755
401,400,6,56,middle,4,6,202609340700
608,607,11,43,middle,6,139,202609360707
318,317,14,21,late,3,324,202609330717
1141,1140,4,73,early,11,727,202609410740
841,840,2,77,early,8,719,202609380740
898,897,4,66,early,8,1738,202609380797
815,814,8,47,middle,8,253,202609380714
935,934,12,36,middle,9,634,202609390734
518,517,9,37,middle,5,307,202609350717
755,754,13,35,middle,7,989,202609370754
927,926,13,12,late,9,494,202609390726
853,852,1,80,early,8,928,202609380752
1153,1152,5,61,early,11,938,202609410752
516,515,17,11,late,5,280,202609350715
845,844,12,34,middle,8,797,202609380744
1047,1046,17,8,late,10,841,202609400746
380,379,9,44,middle,3,1434,202609330779
906,905,15,11,late,9,107,202609390705
306,305,18,11,late,3,110,202609330705
91,90,5,65,early,0,1633,202609300790
760,759,2,75,early,7,1068,202609370759
332,331,7,50,middle,3,578,202609330731
55,54,2,74,early,0,979,202609300754
80,79,9,52,middle,0,1433,202609300779
632,631,7,52,middle,6,561,202609360731
727,726,1,81,early,7,475,202609370726
645,644,16,21,late,6,808,202609360744
980,979,12,39,middle,9,1452,202609390779
705,704,17,10,late,7,88,202609370704
1161,1160,15,16,late,11,1087,202609410760
930,929,17,14,late,9,549,202609390729
1191,1190,13,27,late,11,1620,202609410790
939,938,17,7,late,9,709,202609390738
456,455,13,25,late,4,1019,202609340755
41,40,10,39,middle,0,738,202609300740
1199,1198,9,41,middle,11,1763,202609410798
148,147,1,81,early,1,846,202609310747
710,709,14,32,middle,7,173,202609370709
839,838,8,59,middle,8,685,202609380738
813,812,13,20,late,8,224,202609380712
916,915,4,68,early,9,283,202609390715
256,255,6,60,early,2,1015,202609320755
313,312,3,71,early,3,224,202609330712
956,955,13,42,middle,9,1014,202609390755
625,624,6,63,early,6,438,202609360724
362,361,8,43,middle,3,1104,202609330761
121,120,3,68,early,1,362,202609310720
434,433,14,31,middle,4,612,202609340733
238,237,5,66,early,2,684,202609320737
146,145,9,51,middle,1,818,202609310745
298,297,1,81,early,2,1756,202609320797
1108,1107,4,65,early,11,131,202609410707
277,276,1,82,early,2,1378,202609320776
1086,1085,14,26,late,10,1558,202609400785
829,828,4,62,early,8,495,202609380728
870,869,16,12,late,8,1246,202609380769
857,856,11,32,middle,8,1013,202609380756
814,813,5,63,early,8,232,202609380713
395,394,7,55,middle,3,1705,202609330794
316,315,3,72,early,3,280,202609330715
276,275,15,16,late,2,1374,202609320775
915,914,13,25,late,9,275,202609390714
1067,1066,10,42,middle,10,1202,202609400766
110,109,8,56,middle,1,169,202609310709
127,126,4,67,early,1,466,202609310726
448,447,3,72,early,4,858,202609340747
294,293,13,28,late,2,1695,202609320793
725,724,6,59,middle,7,443,202609370724
322,321,1,80,early,3,385,202609330721
892,891,4,70,early,8,1631,202609380791
740,739,11,42,middle,7,725,202609370739
459,458,14,21,late,4,1071,202609340758
1017,1016,16,14,late,10,308,202609400716
897,896,15,9,late,8,1733,202609380796
416,415,9,31,middle,4,282,202609340715
333,332,15,18,late,3,603,202609330732
716,715,9,52,middle,7,280,202609370715
79,78,2,79,early,0,1408,202609300778
576,575,15,9,late,5,1350,202609350775
572,571,6,59,middle,5,1273,202609350771
1093,1092,4,69,early,10,1679,202609400792
1110,1109,17,13,late,11,177,202609410709
423,422,18,16,late,4,411,202609340722
226,225,2,78,early,2,463,202609320725
506,505,10,40,middle,5,100,202609350705
803,802,7,55,middle,8,40,202609380702
1064,1063,12,39,middle,10,1148,202609400763
353,352,9,40,middle,3,953,202609330752
899,898,10,39,middle,8,1762,202609380798
521,520,13,39,middle,5,364,202609350720
51,50,17,14,late,0,918,202609300750
785,784,7,49,middle,7,1506,202609370784
671,670,6,59,middle,6,1271,202609360770
221,220,11,35,middle,2,381,202609320720
683,682,11,32,middle,6,1492,202609360782
871,870,3,73,early,8,1250,202609380770
190,189,3,72,early,1,1601,202609310789
202,201,6,61,early,2,24,202609320701
792,791,13,25,late,7,1639,202609370791
433,432,4,67,early,4,586,202609340732
862,861,3,71,early,8,1094,202609380761
71,70,9,35,middle,0,1274,202609300770
633,632,19,10,late,6,590,202609360732
854,853,11,33,middle,8,953,202609380753
700,699,1,80,early,6,1798,202609360799
1069,1068,4,68,early,10,1237,202609400768
1185,1184,11,24,late,11,1507,202609410784
334,333,1,81,early,3,607,202609330733
821,820,5,58,middle,8,356,202609380720
124,123,1,82,early,1,412,202609310723
761,760,5,57,middle,7,1089,202609370760
1123,1122,5,64,early,11,408,202609410722
622,621,4,72,early,6,380,202609360721
629,628,8,48,middle,6,508,202609360728
753,752,12,26,late,7,954,202609370752
458,457,7,53,middle,4,1046,202609340757
1010,1009,13,30,middle,10,175,202609400709
278,277,8,49,middle,2,1401,202609320777
327,326,12,27,late,3,489,202609330726
652,651,3,69,early,6,919,202609360751
482,481,7,47,middle,4,1486,202609340781
300,299,16,11,late,2,1806,202609320799
100,99,4,73,early,0,1794,202609300799
905,904,10,43,middle,9,83,202609390704
397,396,2,74,early,3,1736,202609330796
225,224,17,10,late,2,459,202609320724
736,735,6,63,early,7,648,202609370735
1122,1121,14,25,late,11,397,202609410721
913,912,1,83,early,9,224,202609390712
271,270,1,80,early,2,1275,202609320770
122,121,10,32,middle,1,387,202609310721
337,336,4,64,early,3,664,202609330736
246,245,16,22,late,2,844,202609320745
525,524,16,13,late,5,443,202609350724
1085,1084,7,56,middle,10,1534,202609400784
680,679,8,40,middle,6,1438,202609360779
1183,1182,1,81,early,11,1462,202609410782
299,298,5,55,middle,2,1779,202609320798
281,280,12,34,middle,2,1457,202609320780
13,12,1,80,early,0,222,202609300712
851,850,10,41,middle,8,900,202609380750
344,343,12,31,middle,3,794,202609330743
959,958,9,45,middle,9,1065,202609390758
192,191,15,26,late,1,1646,202609310791
473,472,10,47,middle,4,1325,202609340772
125,124,5,59,middle,1,433,202609310724
882,881,14,20,late,8,1458,202609380781
38,37,6,59,middle,0,677,202609300737
263,262,11,34,middle,2,1146,202609320762
819,818,16,10,late,8,334,202609380718
1060,1059,2,79,early,10,1065,202609400759
790,789,1,82,early,7,1588,202609370789
519,518,15,11,late,5,330,202609350718
103,102,5,65,early,1,42,202609310702
232,231,5,69,early,2,575,202609320731
1140,1139,14,14,late,11,720,202609410739
350,349,8,46,middle,3,898,202609330749
1007,1006,7,58,middle,10,115,202609400706
19,18,3,69,early,0,328,202609300718
708,707,15,13,late,7,141,202609370707
45,44,12,27,late,0,812,202609300744
675,674,18,14,late,6,1356,202609360774
858,857,15,11,late,8,1035,202609380757
719,718,10,44,middle,7,340,202609370718
254,253,10,34,middle,2,983,202609320753
714,713,16,15,late,7,252,202609370713
1021,1020,1,79,early,10,365,202609400720
711,710,17,17,late,7,197,202609370710
811,810,3,73,early,8,175,202609380710
692,691,6,54,middle,6,1659,202609360791
476,475,8,53,middle,4,1382,202609340775
852,851,15,23,late,8,923,202609380751
601,600,2,77,early,6,2,202609360700
759,758,18,9,late,7,1065,202609370758
715,714,5,63,early,7,259,202609370714
538,537,2,79,early,5,667,202609350737
1135,1134,6,60,early,11,617,202609410734
557,556,10,35,middle,5,1012,202609350756
200,199,8,52,middle,1,1794,202609310799
976,975,1,80,early,9,1367,202609390775
87,86,13,18,late,0,1571,202609300786
1149,1148,12,23,late,11,874,202609410748
1116,1115,17,9,late,11,288,202609410715
579,578,14,21,late,5,1403,202609350778
746,745,13,38,middle,7,832,202609370745
1048,1047,3,66,early,10,845,202609400747
1142,1141,8,53,middle,11,749,202609410741
807,806,17,9,late,8,117,202609380706
258,257,16,15,late,2,1062,202609320757
489,488,13,25,late,4,1614,202609340788
373,372,4,73,early,3,1302,202609330772
440,439,9,44,middle,4,724,202609340739
689,688,9,41,middle,6,1601,202609360788
541,540,2,74,early,5,718,202609350740
475,474,4,64,early,4,1357,202609340774
1068,1067,21,9,late,10,1232,202609400767
231,230,17,10,late,2,568,202609320730
1144,1143,4,67,early,11,781,202609410743
328,327,3,75,early,3,498,202609330727
275,274,13,30,middle,2,1355,202609320774
234,233,16,12,late,2,624,202609320733
33,32,14,28,late,0,595,202609300732
151,150,1,81,early,1,899,202609310750
1126,1125,2,77,early,11,457,202609410725
439,438,7,64,early,4,701,202609340738
728,727,11,35,middle,7,505,202609370727
296,295,12,34,middle,2,1728,202609320795
618,617,11,28,late,6,319,202609360717
205,204,4,64,early,2,79,202609320704
240,239,15,22,late,2,731,202609320739
1151,1150,10,36,middle,11,905,202609410750
1050,1049,15,9,late,10,892,202609400749
260,259,7,49,middle,2,1088,202609320759
929,928,10,39,middle,9,523,202609390728
527,526,7,49,middle,5,475,202609350726
921,920,17,22,late,9,386,202609390720
1078,1077,2,73,early,10,1402,202609400777
85,84,1,80,early,0,1519,202609300784
924,923,16,9,late,9,444,202609390723
135,134,13,24,late,1,624,202609310734
389,388,8,53,middle,3,1597,202609330788
1164,1163,17,8,late,11,1141,202609410763
848,847,6,57,middle,8,842,202609380747
1034,1033,12,31,middle,10,607,202609400733
1119,1118,14,24,late,11,343,202609410718
142,141,4,71,early,1,737,202609310741
802,801,4,64,early,8,21,202609380701
197,196,10,46,middle,1,1740,202609310796
442,441,2,76,early,4,754,202609340741
490,489,5,64,early,4,1624,202609340789
879,878,13,28,late,8,1403,202609380778
302,301,9,45,middle,3,27,202609330701
816,815,15,26,late,8,277,202609380715
721,720,2,73,early,7,368,202609370720
874,873,2,75,early,8,1302,202609380773
374,373,6,52,middle,3,1325,202609330773
410,409,7,48,middle,4,172,202609340709
795,794,18,8,late,7,1698,202609370794
217,216,4,63,early,2,298,202609320716
616,615,1,79,early,6,273,202609360715
279,278,16,16,late,2,1426,202609320778
107,106,10,39,middle,1,118,202609310706
833,832,9,52,middle,8,571,202609380732
553,552,5,63,early,5,931,202609350752
867,866,14,26,late,8,1192,202609380766
526,525,3,76,early,5,447,202609350725
137,136,11,31,middle,1,659,202609310736
317,316,9,42,middle,3,303,202609330716
560,559,11,38,middle,5,1067,202609350759
1187,1186,7,59,middle,11,1538,202609410786
613,612,5,60,early,6,222,202609360712
358,357,3,70,early,3,1031,202609330757
806,805,10,40,middle,8,93,202609380705
1158,1157,12,19,late,11,1034,202609410757
602,601,6,55,middle,6,23,202609360701
186,185,14,17,late,1,1538,202609310785
94,93,4,68,early,0,1685,202609300793
501,500,11,26,late,5,11,202609350700
436,435,1,83,early,4,637,202609340735
994,993,4,60,early,9,1699,202609390793
336,335,12,26,late,3,655,202609330735
445,444,4,65,early,4,811,202609340744
89,88,10,40,middle,0,1601,202609300788
346,345,1,81,early,3,819,202609330745
548,547,11,33,middle,5,848,202609350747
565,564,2,76,early,5,1145,202609350764
726,725,15,15,late,7,471,202609370725
491,490,12,33,middle,4,1651,202609340790
182,181,7,52,middle,1,1460,202609310781
365,364,10,38,middle,3,1159,202609330764
567,566,13,29,late,5,1192,202609350766
285,284,15,29,late,2,1533,202609320784
880,879,2,76,early,8,1410,202609380779
1179,1178,15,19,late,11,1406,202609410778
1159,1158,2,72,early,11,1039,202609410758
368,367,6,58,middle,3,1210,202609330767
981,980,18,7,late,9,1477,202609390780
114,113,14,20,late,1,246,202609310713
495,494,14,25,late,4,1729,202609340794
255,254,12,27,late,2,1004,202609320754
82,81,1,83,early,0,1463,202609300781
498,497,17,14,late,4,1788,202609340797
437,436,9,44,middle,4,665,202609340736
836,835,10,34,middle,8,631,202609380735
512,511,6,59,middle,5,200,202609350711
587,586,8,42,middle,5,1538,202609350786
43,42,4,63,early,0,768,202609300742
331,330,2,77,early,3,556,202609330730
367,366,2,78,early,3,1187,202609330766
884,883,8,44,middle,8,1488,202609380783
207,206,16,21,late,2,126,202609320706
229,228,2,73,early,2,518,202609320728
539,538,6,50,middle,5,687,202609350738
996,995,22,13,late,9,1752,202609390795
17,16,7,51,middle,0,299,202609300716
155,154,7,45,middle,1,979,202609310754
1097,1096,5,55,middle,10,1753,202609400796
1121,1120,10,45,middle,11,374,202609410720
48,47,17,11,late,0,867,202609300747
520,519,3,71,early,5,335,202609350719
191,190,9,40,middle,1,1623,202609310790
887,886,6,55,middle,8,1538,202609380786
763,762,3,75,early,7,1122,202609370762
1012,1011,2,80,early,10,202,202609400711
174,173,14,13,late,1,1329,202609310773
463,462,6,61,early,4,1134,202609340762
662,661,8,57,middle,6,1107,202609360761
90,89,14,27,late,0,1624,202609300789
220,219,6,62,early,2,356,202609320719
116,115,5,59,middle,1,272,202609310715
947,946,10,38,middle,9,850,202609390746
932,931,10,45,middle,9,578,202609390731
326,325,10,35,middle,3,470,202609330725
781,780,1,81,early,7,1434,202609370780
1129,1128,1,82,early,11,510,202609410728
984,983,16,13,late,9,1528,202609390783
496,495,3,70,early,4,1736,202609340795
507,506,18,7,late,5,124,202609350706
147,146,13,21,late,1,841,202609310746
810,809,13,27,late,8,165,202609380709
1022,1021,11,32,middle,10,394,202609400721
357,356,16,15,late,3,1025,202609330756
266,265,11,36,middle,2,1198,202609320765
754,753,2,72,early,7,960,202609370753
295,294,3,70,early,2,1703,202609320794
292,291,1,81,early,2,1647,202609320791
1143,1142,16,10,late,11,776,202609410742
111,110,13,22,late,1,193,202609310710
694,693,6,63,early,6,1695,202609360793
404,403,10,42,middle,4,62,202609340703
999,998,15,18,late,9,1803,202609390798
778,777,3,69,early,7,1383,202609370777
1096,1095,1,79,early,10,1732,202609400795
503,502,6,55,middle,5,40,202609350702
917,916,11,32,middle,9,309,202609390716
594,593,16,8,late,5,1671,202609350793
561,560,13,27,late,5,1087,202609350760
604,603,2,76,early,6,58,202609360703
349,348,1,79,early,3,874,202609330748
360,359,17,8,late,3,1077,202609330759
612,611,15,17,late,6,214,202609360711
623,622,12,36,middle,6,407,202609360722
21,20,16,13,late,0,375,202609300720
497,496,13,30,middle,4,1765,202609340796
734,733,10,37,middle,7,617,202609370733
236,235,7,56,middle,2,649,202609320735
649,648,4,66,early,6,868,202609360748
204,203,17,11,late,2,73,202609320703
214,213,6,62,early,2,247,202609320713
173,172,10,39,middle,1,1306,202609310772
478,477,5,62,early,4,1415,202609340777
158,157,10,35,middle,1,1036,202609310757
118,117,3,73,early,1,307,202609310717
1051,1050,2,81,early,10,896,202609400750
902,901,9,56,middle,9,27,202609390701
460,459,2,75,early,4,1076,202609340759
420,419,13,16,late,4,353,202609340719
488,487,9,43,middle,4,1592,202609340787
1194,1193,15,27,late,11,1677,202609410793
1103,1102,12,37,middle,11,47,202609410702
261,260,17,12,late,2,1115,202609320760
524,523,11,40,middle,5,419,202609350723
820,819,5,60,early,8,340,202609380719
891,890,13,29,late,8,1621,202609380790
1013,1012,6,58,middle,10,226,202609400712
466,465,4,70,early,4,1186,202609340765
242,241,10,38,middle,2,763,202609320741
1113,1112,14,20,late,11,233,202609410712
40,39,6,62,early,0,715,202609300739
1198,1197,2,74,early,11,1739,202609410797
391,390,4,71,early,3,1633,202609330790
67,66,4,65,early,0,1202,202609300766
319,318,1,81,early,3,331,202609330718
586,585,4,67,early,5,1515,202609350785
1200,1199,16,7,late,11,1788,202609410799
784,783,3,65,early,7,1485,202609370783
341,340,8,44,middle,3,736,202609330740
402,401,14,16,late,4,31,202609340701
457,456,1,79,early,4,1024,202609340756
1145,1144,8,49,middle,11,803,202609410744
552,551,13,26,late,5,922,202609350751
648,647,16,15,late,6,861,202609360747
455,454,13,31,middle,4,998,202609340754
1087,1086,4,63,early,10,1567,202609400786
748,747,1,80,early,7,859,202609370747
699,698,13,17,late,6,1795,202609360798
514,513,3,69,early,5,232,202609350713
800,799,11,40,middle,7,1780,202609370799
1157,1156,10,39,middle,11,1013,202609410756
838,837,6,67,early,8,663,202609380737
855,854,16,22,late,8,977,202609380754
972,971,19,7,late,9,1308,202609390771
406,405,4,73,early,4,92,202609340705
167,166,7,53,middle,1,1192,202609310766
797,796,9,37,middle,7,1726,202609370796
398,397,10,43,middle,3,1760,202609330797
592,591,2,73,early,5,1623,202609350791
267,266,13,28,late,2,1218,202609320766
688,687,3,70,early,6,1574,202609360787
249,248,18,9,late,2,901,202609320748
57,56,16,20,late,0,1031,202609300756
1,0,1,82,early,0,1,202609300700
1176,1175,13,15,late,11,1354,202609410775
1035,1034,13,19,late,10,624,202609400734
750,749,14,16,late,7,906,202609370749
383,382,6,54,middle,3,1484,202609330782
707,706,7,52,middle,7,114,202609370706
400,399,5,64,early,3,1791,202609330799
967,966,2,74,early,9,1199,202609390766
259,258,5,60,early,2,1070,202609320758
68,67,8,46,middle,0,1223,202609300767
925,924,4,67,early,9,449,202609390724
804,803,11,29,late,8,61,202609380703
1173,1172,14,22,late,11,1300,202609410772
1189,1188,4,71,early,11,1573,202609410788
663,662,17,7,late,6,1137,202609360762
184,183,4,64,early,1,1492,202609310783
268,267,5,62,early,2,1228,202609320767
177,176,18,8,late,1,1380,202609310776
985,984,4,64,early,9,1533,202609390784
251,250,6,52,middle,2,925,202609320750
968,967,8,52,middle,9,1223,202609390767
669,668,13,17,late,6,1245,202609360768
993,992,16,13,late,9,1692,202609390792
741,740,18,18,late,7,750,202609370740
425,424,9,40,middle,4,440,202609340724
270,269,15,14,late,2,1272,202609320769
429,428,18,21,late,4,521,202609340728
575,574,8,42,middle,5,1327,202609350774
27,26,17,12,late,0,489,202609300726
97,96,2,76,early,0,1742,202609300796
222,221,14,24,late,2,402,202609320721
866,865,6,56,middle,8,1168,202609380765
428,427,8,50,middle,4,493,202609340727
969,968,12,26,late,9,1245,202609390768
435,434,17,8,late,4,635,202609340734
872,871,8,52,middle,8,1273,202609380771
65,64,15,34,middle,0,1177,202609300764
311,310,12,31,middle,3,199,202609330710
62,61,7,52,middle,0,1114,202609300761
265,264,2,75,early,2,1173,202609320764
432,431,12,28,late,4,576,202609340731
477,476,16,13,late,4,1409,202609340776
109,108,1,79,early,1,145,202609310708
394,393,1,81,early,3,1682,202609330793
166,165,5,62,early,1,1171,202609310765
1044,1043,15,20,late,10,784,202609400743
369,368,15,18,late,3,1238,202609330768
181,180,1,79,early,1,1436,202609310780
139,138,3,73,early,1,685,202609310738
835,834,3,74,early,8,604,202609380734
638,637,8,46,middle,6,674,202609360737
654,653,18,13,late,6,971,202609360753
382,381,2,76,early,3,1463,202609330781
876,875,15,26,late,8,1349,202609380775
378,377,16,11,late,3,1405,202609330777
787,786,5,65,early,7,1540,202609370786
481,480,2,74,early,4,1461,202609340780
684,683,17,10,late,6,1516,202609360783
941,940,13,37,middle,9,742,202609390740
856,855,3,71,early,8,983,202609380755
1076,1075,9,37,middle,10,1374,202609400775
574,573,4,62,early,5,1304,202609350773
325,324,2,74,early,3,445,202609330724
822,821,15,9,late,8,385,202609380721
912,911,15,16,late,9,220,202609390711
991,990,4,68,early,9,1640,202609390790
564,563,13,29,late,5,1139,202609350763
1063,1062,6,60,early,10,1122,202609400762
29,28,9,45,middle,0,518,202609300728
532,531,2,75,early,5,558,202609350731
343,342,2,78,early,3,766,202609330742
869,868,11,31,middle,8,1224,202609380768
415,414,3,73,early,4,257,202609340714
1163,1162,9,40,middle,11,1116,202609410762
510,509,14,7,late,5,176,202609350709
126,125,17,9,late,1,461,202609310725
1134,1133,12,25,late,11,606,202609410733
1197,1196,13,29,late,11,1731,202609410796
945,944,14,22,late,9,818,202609390744
946,945,4,74,early,9,825,202609390745
487,486,3,73,early,4,1570,202609340786
1109,1108,10,37,middle,11,153,202609410708
551,550,8,54,middle,5,898,202609350750
849,848,14,20,late,8,867,202609380748
1008,1007,15,15,late,10,141,202609400707
549,548,12,26,late,5,867,202609350748
108,107,12,23,late,1,138,202609310707
468,467,13,27,late,4,1235,202609340767
568,567,3,70,early,5,1201,202609350767
59,58,9,46,middle,0,1062,202609300758
208,207,1,82,early,2,130,202609320707
287,286,5,59,middle,2,1560,202609320786
361,360,3,72,early,3,1081,202609330760
172,171,3,72,early,1,1278,202609310771
697,696,1,81,early,6,1746,202609360796
812,811,6,53,middle,8,198,202609380711
555,554,12,27,late,5,977,202609350754
113,112,6,57,middle,1,221,202609310712
660,659,14,26,late,6,1079,202609360759
1000,999,1,80,early,9,1807,202609390799
494,493,10,43,middle,4,1707,202609340793
371,370,11,38,middle,3,1269,202609330770
619,618,4,70,early,6,328,202609360718
92,91,8,37,middle,0,1656,202609300791
823,822,3,70,early,8,389,202609380722
545,544,6,57,middle,5,792,202609350744
386,385,8,46,middle,3,1544,202609330785
78,77,18,14,late,0,1404,202609300777
175,174,3,68,early,1,1333,202609310774
253,252,3,76,early,2,957,202609320752
157,156,1,81,early,1,1009,202609310756
411,410,13,24,late,4,196,202609340710
1081,1080,2,73,early,10,1455,202609400780
780,779,16,9,late,7,1432,202609370779
1072,1071,2,80,early,10,1289,202609400771
975,974,15,16,late,9,1362,202609390774
989,988,8,47,middle,9,1607,202609390788
1089,1088,17,21,late,10,1617,202609400788
1082,1081,6,57,middle,10,1477,202609400781
84,83,16,13,late,0,1517,202609300783
1165,1164,4,68,early,11,1146,202609410764
888,887,14,19,late,8,1566,202609380787
1057,1056,6,62,early,10,1014,202609400756
1084,1083,2,78,early,10,1512,202609400783
1045,1044,4,63,early,10,792,202609400744
219,218,19,18,late,2,347,202609320718
99,98,16,14,late,0,1788,202609300798
674,673,6,58,middle,6,1327,202609360773
414,413,16,13,late,4,253,202609340713
808,807,2,73,early,8,120,202609380707
951,950,15,22,late,9,926,202609390750
1098,1097,14,17,late,10,1779,202609400797
801,800,11,29,late,8,11,202609380700
372,371,16,20,late,3,1294,202609330771
1023,1022,15,18,late,10,416,202609400722
890,889,5,58,middle,8,1595,202609380789
209,208,7,48,middle,2,154,202609320708
467,466,7,55,middle,4,1210,202609340766
832,831,3,77,early,8,545,202609380731
465,464,14,19,late,4,1178,202609340764
171,170,15,24,late,1,1271,202609310770
54,53,14,24,late,0,971,202609300753
424,423,4,71,early,4,417,202609340723
986,985,7,49,middle,9,1552,202609390785
614,613,10,40,middle,6,244,202609360713
1106,1105,12,34,middle,11,102,202609410705
233,232,6,59,middle,2,595,202609320732
11,10,14,31,middle,0,196,202609300710
1104,1103,17,8,late,11,72,202609410703
63,62,12,28,late,0,1137,202609300762
809,808,11,32,middle,8,145,202609380708
584,583,7,46,middle,5,1483,202609350783
571,570,4,68,early,5,1254,202609350770
1080,1079,13,21,late,10,1450,202609400779
605,604,11,33,middle,6,85,202609360704
381,380,13,22,late,3,1457,202609330780
405,404,16,7,late,4,87,202609340704
1190,1189,8,42,middle,11,1596,202609410789
1070,1069,11,30,middle,10,1262,202609400769
634,633,4,65,early,6,596,202609360733
1074,1073,13,25,late,10,1341,202609400773
1184,1183,9,42,middle,11,1487,202609410783
283,282,4,64,early,2,1486,202609320782
886,885,1,81,early,8,1516,202609380785
546,545,11,26,late,5,816,202609350745
1160,1159,10,40,middle,11,1063,202609410759
1117,1116,3,78,early,11,292,202609410716
878,877,5,59,middle,8,1378,202609380777
223,222,3,75,early,2,411,202609320722
164,163,8,44,middle,1,1140,202609310763
598,597,4,69,early,5,1730,202609350797
665,664,8,50,middle,6,1166,202609360764
695,694,13,32,middle,6,1721,202609360794
722,721,5,58,middle,7,389,202609370721
920,919,9,46,middle,9,359,202609390719
1073,1072,9,42,middle,10,1318,202609400772
655,654,2,76,early,6,975,202609360754
24,23,14,23,late,0,428,202609300723
628,627,4,64,early,6,488,202609360727
962,961,7,54,middle,9,1116,202609390761
723,722,18,12,late,7,419,202609370722
345,344,18,8,late,3,817,202609330744
789,788,12,22,late,7,1583,202609370788
1062,1061,13,21,late,10,1111,202609400761
593,592,8,39,middle,5,1647,202609350792
672,671,16,17,late,6,1300,202609360771
713,712,12,33,middle,7,230,202609370712
216,215,14,20,late,2,291,202609320715
591,590,14,28,late,5,1616,202609350790
230,229,11,36,middle,2,543,202609320729
314,313,6,53,middle,3,247,202609330713
1150,1149,2,76,early,11,881,202609410749
712,711,2,75,early,7,201,202609370711
948,947,14,22,late,9,871,202609390747
149,148,12,31,middle,1,875,202609310748
60,59,13,17,late,0,1086,202609300759
834,833,14,18,late,8,598,202609380733
971,970,10,38,middle,9,1281,202609390770
965,964,12,33,middle,9,1174,202609390764
301,300,4,64,early,3,4,202609330700
150,149,16,8,late,1,897,202609310749
531,530,16,22,late,5,552,202609350730
388,387,4,69,early,3,1574,202609330787
330,329,19,11,late,3,553,202609330729
885,884,17,14,late,8,1513,202609380784
486,485,15,20,late,4,1565,202609340785
8,7,8,49,middle,0,132,202609300707
1181,1180,9,49,middle,11,1436,202609410780
356,355,8,46,middle,3,1001,202609330755
954,953,11,29,late,9,978,202609390753
743,742,7,54,middle,7,774,202609370742
766,765,1,79,early,7,1175,202609370765
309,308,14,26,late,3,162,202609330708
704,703,9,42,middle,7,64,202609370703
678,677,13,20,late,6,1406,202609360777
1195,1194,4,62,early,11,1686,202609410794
1075,1074,5,64,early,10,1351,202609400774
485,484,10,35,middle,4,1543,202609340784
1102,1101,2,75,early,11,22,202609410701
288,287,14,22,late,2,1585,202609320787
76,75,2,72,early,0,1357,202609300775
589,588,4,65,early,5,1571,202609350788
454,453,2,76,early,4,968,202609340753
289,288,1,80,early,2,1589,202609320788
978,977,17,11,late,9,1419,202609390777
582,581,13,28,late,5,1453,202609350781
58,57,2,77,early,0,1036,202609300757
577,576,5,60,early,5,1356,202609350776
1130,1129,10,41,middle,11,537,202609410729
950,949,7,50,middle,9,901,202609390749
492,491,18,16,late,4,1675,202609340791
426,425,12,26,late,4,464,202609340725
1030,1029,1,81,early,10,526,202609400729
1027,1026,3,73,early,10,473,202609400726
338,337,7,54,middle,3,684,202609330737
235,234,1,80,early,2,627,202609320734
805,804,4,66,early,8,70,202609380704
914,913,6,56,middle,9,248,202609390713
446,445,6,49,middle,4,829,202609340745
39,38,18,12,late,0,707,202609300738
203,202,7,58,middle,2,44,202609320702
1036,1035,3,75,early,10,631,202609400735
590,589,7,51,middle,5,1589,202609350789
1115,1114,12,30,middle,11,266,202609410714
1019,1018,10,48,middle,10,338,202609400718
412,411,1,82,early,4,201,202609340711
664,663,3,75,early,6,1141,202609360763
120,119,17,9,late,1,358,202609310719
919,918,2,72,early,9,335,202609390718
596,595,8,49,middle,5,1697,202609350795
933,932,14,23,late,9,600,202609390732
630,629,12,25,late,6,531,202609360729
218,217,12,37,middle,2,322,202609320717
770,769,9,35,middle,7,1253,202609370769
850,849,1,79,early,8,871,202609380749
1083,1082,17,13,late,10,1509,202609400782
873,872,17,9,late,8,1299,202609380772
421,420,6,60,early,4,361,202609340720
1188,1187,14,27,late,11,1564,202609410787
1169,1168,13,33,middle,11,1225,202609410768
112,111,5,60,early,1,202,202609310711
201,200,15,18,late,2,15,202609320700
210,209,13,28,late,2,178,202609320709
701,700,10,36,middle,7,10,202609370700
143,142,6,53,middle,1,760,202609310742
165,164,13,15,late,1,1163,202609310764
864,863,17,12,late,8,1143,202609380763
280,279,1,79,early,2,1429,202609320779
926,925,8,41,middle,9,472,202609390725
745,744,1,83,early,7,803,202609370744
517,516,3,69,early,5,285,202609350716
739,738,5,61,early,7,701,202609370738
312,311,15,13,late,3,220,202609330711
997,996,5,63,early,9,1759,202609390796
1146,1145,16,7,late,11,829,202609410745
963,962,17,9,late,9,1144,202609390762
556,555,1,82,early,5,983,202609350755
469,468,5,65,early,4,1246,202609340768
1028,1027,9,48,middle,10,494,202609400727
1095,1094,16,7,late,10,1730,202609400794
791,790,5,56,middle,7,1611,202609370790
1114,1113,3,73,early,11,239,202609410713
1032,1031,15,18,late,10,575,202609400731
637,636,2,76,early,6,647,202609360736
762,761,17,14,late,7,1117,202609370761
447,446,11,25,late,4,851,202609340746
264,263,14,26,late,2,1166,202609320763
646,645,3,67,early,6,814,202609360745
547,546,3,73,early,5,823,202609350746
247,246,5,61,early,2,852,202609320746
69,68,11,25,late,0,1244,202609300768
566,565,5,57,middle,5,1166,202609350765
131,130,7,45,middle,1,548,202609310730
1168,1167,5,68,early,11,1197,202609410767
187,186,4,69,early,1,1545,202609310786
1077,1076,17,8,late,10,1399,202609400776
198,197,13,20,late,1,1761,202609310797
658,657,5,66,early,6,1035,202609360757
72,71,13,19,late,0,1294,202609300771
511,510,1,81,early,5,178,202609350710
1167,1166,15,13,late,11,1191,202609410766
530,529,12,32,middle,5,529,202609350729
479,478,6,54,middle,4,1433,202609340778
1105,1104,3,74,early,11,76,202609410704
1014,1013,14,27,late,10,251,202609400713
534,533,13,27,late,5,606,202609350733
1009,1008,4,65,early,10,148,202609400708
1061,1060,6,55,middle,10,1086,202609400760
735,734,14,28,late,7,638,202609370734
970,969,1,86,early,9,1253,202609390769
1029,1028,13,26,late,10,517,202609400728
352,351,3,70,early,3,930,202609330751
1136,1135,6,55,middle,11,636,202609410735
983,982,7,51,middle,9,1502,202609390782
610,609,3,74,early,6,168,202609360709
581,580,7,44,middle,5,1431,202609350780
775,774,4,68,early,7,1330,202609370774
3,2,12,25,late,0,48,202609300702
1127,1126,8,52,middle,11,480,202609410726
243,242,14,28,late,2,786,202609320742
756,755,12,24,late,7,1007,202609370755
364,363,3,69,early,3,1135,202609330763
70,69,5,61,early,0,1254,202609300769
908,907,7,50,middle,9,135,202609390707
509,508,11,34,middle,5,156,202609350708
66,65,14,12,late,0,1197,202609300765
1120,1119,3,73,early,11,351,202609410719
1139,1138,7,53,middle,11,693,202609410738
844,843,3,75,early,8,768,202609380743
818,817,11,32,middle,8,312,202609380717
536,535,13,31,middle,5,642,202609350735
673,672,5,60,early,6,1307,202609360772
824,823,9,45,middle,8,412,202609380723
1171,1170,2,74,early,11,1252,202609410770
2,1,11,34,middle,0,30,202609300701
796,795,3,68,early,7,1702,202609370795
409,408,1,82,early,4,148,202609340708
15,14,14,10,late,0,270,202609300714
995,994,8,47,middle,9,1720,202609390794
777,776,17,8,late,7,1379,202609370776
286,285,3,66,early,2,1541,202609320785
354,353,12,29,late,3,972,202609330753
42,41,14,16,late,0,761,202609300741
1094,1093,7,54,middle,10,1702,202609400793
444,443,18,9,late,4,806,202609340743
698,697,7,52,middle,6,1771,202609360797
451,450,3,74,early,4,914,202609340750
342,341,14,12,late,3,761,202609330741
144,143,16,12,late,1,787,202609310743
154,153,1,81,early,1,956,202609310753
653,652,12,38,middle,6,946,202609360752
635,634,10,38,middle,6,618,202609360734
241,240,4,64,early,2,740,202609320740
152,151,10,39,middle,1,928,202609310751
588,587,14,28,late,5,1560,202609350787
1100,1099,6,55,middle,10,1804,202609400799
1024,1023,3,70,early,10,422,202609400723
767,766,9,39,middle,7,1199,202609370766
909,908,13,25,late,9,160,202609390708
1058,1057,6,50,middle,10,1035,202609400757
542,541,8,44,middle,5,743,202609350741
396,395,14,21,late,3,1730,202609330795
585,584,14,22,late,5,1508,202609350784
1091,1090,9,44,middle,10,1647,202609400790
615,614,15,19,late,6,269,202609360714
34,33,2,75,early,0,602,202609300733
1175,1174,10,43,middle,11,1333,202609410774
1015,1014,1,82,early,10,256,202609400714
1079,1078,12,30,middle,10,1431,202609400778
859,858,3,70,early,8,1040,202609380758
81,80,14,28,late,0,1456,202609300780
583,582,2,75,early,5,1461,202609350782
12,11,18,8,late,0,220,202609300711
64,63,2,76,early,0,1144,202609300763
228,227,14,21,late,2,513,202609320727
668,667,13,32,middle,6,1224,202609360767
195,194,18,10,late,1,1708,202609310794
431,430,9,50,middle,4,552,202609340730
889,888,6,61,early,8,1576,202609380788
540,539,13,19,late,5,711,202609350739
644,643,7,51,middle,6,784,202609360743
624,623,15,12,late,6,430,202609360723
290,289,7,51,middle,2,1613,202609320789
686,685,6,54,middle,6,1541,202609360785
96,95,18,9,late,0,1738,202609300795
376,375,5,64,early,3,1360,202609330775
830,829,5,57,middle,8,513,202609380729
104,103,10,38,middle,1,63,202609310703
667,666,6,61,early,6,1199,202609360766
248,247,9,39,middle,2,874,202609320747
31,30,4,71,early,0,550,202609300730
366,365,16,17,late,3,1183,202609330765
95,94,9,48,middle,0,1708,202609300794
23,22,12,35,middle,0,405,202609300722
422,421,11,45,middle,4,384,202609340721
193,192,1,83,early,1,1653,202609310792
5,4,5,55,middle,0,78,202609300704
335,334,11,41,middle,3,635,202609330734
179,178,7,46,middle,1,1405,202609310778
393,392,15,17,late,3,1679,202609330792
102,101,13,28,late,1,31,202609310701
877,876,5,60,early,8,1359,202609380776
252,251,15,17,late,2,952,202609320751
9,8,14,28,late,0,157,202609300708
1042,1041,2,75,early,10,734,202609400741
1066,1065,1,81,early,10,1175,202609400765
657,656,13,29,late,6,1024,202609360756
533,532,7,58,middle,5,579,202609350732
773,772,6,57,middle,7,1301,202609370772
123,122,15,14,late,1,409,202609310722
211,210,6,61,early,2,192,202609320710
257,256,8,54,middle,2,1035,202609320756
162,161,16,14,late,1,1114,202609310761
474,473,12,29,late,4,1347,202609340773
215,214,6,50,middle,2,267,202609320714
1118,1117,11,36,middle,11,322,202609410717
691,690,2,78,early,6,1632,202609360790
359,358,10,37,middle,3,1054,202609330758
390,389,12,23,late,3,1622,202609330789
595,594,1,79,early,5,1673,202609350794
943,942,4,69,early,9,769,202609390742
180,179,18,15,late,1,1432,202609310779
979,978,1,82,early,9,1422,202609390778
1107,1106,16,14,late,11,125,202609410706
117,116,16,20,late,1,300,202609310716
1040,1039,5,59,middle,10,702,202609400739
656,655,6,54,middle,6,999,202609360755
903,902,14,26,late,9,51,202609390702
1172,1171,10,42,middle,11,1276,202609410771
827,826,13,30,middle,8,467,202609380726
16,15,3,71,early,0,275,202609300715
363,362,15,23,late,3,1127,202609330762
640,639,3,68,early,6,702,202609360739
106,105,2,77,early,1,91,202609310705
764,763,10,40,middle,7,1148,202609370763
720,719,15,11,late,7,364,202609370719
379,378,6,62,early,3,1413,202609330778
419,418,9,39,middle,4,332,202609340718
138,137,16,8,late,1,681,202609310737
961,960,4,69,early,9,1094,202609390760
291,290,18,14,late,2,1643,202609320790
724,723,4,64,early,7,424,202609370723
992,991,7,56,middle,9,1663,202609390791
693,692,16,23,late,6,1685,202609360792
621,620,15,17,late,6,374,202609360720
793,792,2,78,early,7,1645,202609370792
744,743,12,26,late,7,797,202609370743
1147,1146,4,62,early,11,834,202609410746
1193,1192,8,58,middle,11,1650,202609410792
1132,1131,4,66,early,11,566,202609410731
895,894,6,61,early,8,1689,202609380794
776,775,7,58,middle,7,1350,202609370775
1125,1124,13,22,late,11,450,202609410724
798,797,16,11,late,7,1750,202609370797
387,386,17,8,late,3,1569,202609330786
1101,1100,19,8,late,11,19,202609410700
438,437,16,22,late,4,690,202609340737
988,987,1,79,early,9,1580,202609390787
370,369,1,84,early,3,1242,202609330769
641,640,7,57,middle,6,723,202609360740
677,676,7,51,middle,6,1383,202609360776
6,5,15,13,late,0,103,202609300705
1155,1154,13,24,late,11,981,202609410754
1177,1176,3,73,early,11,1359,202609410776
1053,1052,12,29,late,10,944,202609400752
1020,1019,13,25,late,10,360,202609400719
1054,1053,7,61,early,10,956,202609400753
580,579,1,81,early,5,1408,202609350779
681,680,13,21,late,6,1458,202609360780
32,31,10,42,middle,0,574,202609300731
936,935,13,16,late,9,654,202609390735
578,577,8,43,middle,5,1378,202609350777
617,616,6,51,middle,6,295,202609360716
535,534,5,62,early,5,616,202609350734
1002,1001,16,9,late,10,35,202609400701
907,906,2,77,early,9,111,202609390706
505,504,3,72,early,5,76,202609350704
529,528,1,79,early,5,502,202609350728
245,244,10,39,middle,2,818,202609320744
931,930,5,65,early,9,556,202609390730
449,448,10,39,middle,4,884,202609340748
1124,1123,7,46,middle,11,428,202609410723
385,384,1,81,early,3,1517,202609330784
893,892,14,40,middle,8,1658,202609380792
522,521,13,29,late,5,384,202609350721
952,951,1,82,early,9,933,202609390751
847,846,2,72,early,8,821,202609380746
183,182,13,22,late,1,1484,202609310782
178,177,4,67,early,1,1385,202609310777
544,543,3,69,early,5,772,202609350743
1180,1179,4,64,early,11,1414,202609410779
883,882,2,79,early,8,1465,202609380782
206,205,6,57,middle,2,97,202609320705
61,60,6,64,early,0,1094,202609300760
272,271,6,54,middle,2,1296,202609320771
599,598,10,35,middle,5,1756,202609350798
523,522,2,77,early,5,391,202609350722
88,87,3,73,early,0,1576,202609300787
483,482,13,25,late,4,1509,202609340782
430,429,2,77,early,4,527,202609340729
348,347,14,14,late,3,870,202609330747
1138,1137,2,78,early,11,671,202609410737
1148,1147,8,53,middle,11,853,202609410747
934,933,5,64,early,9,609,202609390733
606,605,16,15,late,6,106,202609360705
958,957,1,79,early,9,1039,202609390757
52,51,2,77,early,0,922,202609300751
559,558,1,80,early,5,1038,202609350758
132,131,12,27,late,1,569,202609310731
44,43,9,38,middle,0,792,202609300743
199,198,6,63,early,1,1771,202609310798
537,536,16,7,late,5,664,202609350736
731,730,6,54,middle,7,557,202609370730
464,463,11,40,middle,4,1157,202609340763
470,469,9,42,middle,4,1270,202609340769
837,836,17,7,late,8,656,202609380736
786,785,19,10,late,7,1534,202609370785
315,314,18,9,late,3,276,202609330714
77,76,6,55,middle,0,1376,202609300776
937,936,5,66,early,9,662,202609390736
340,339,5,66,early,3,716,202609330739
1192,1191,1,81,early,11,1626,202609410791
706,705,1,82,early,7,90,202609370705
1128,1127,18,7,late,11,508,202609410727
1065,1064,17,7,late,10,1173,202609400764
