KLV3_THREEWAY_DISAGREEMENT	1	30004	8500	4	69	0	0	p2	p4	p6	1,11,1,0,7,7,88000,88000,8,15,18,19,20,5,19	1,11,5,0,7,7,88000,88000,20,15,19,8,5,18,19	1,11,1,0,7,7,88000,88000,8,15,18,19,20,5,19	0	0	0	0	0	0	0	0	0	0	0	0	0	0	0	0	0	0	0	0	0	0	0	0	15/15/15/7P7/6BEGUM4/7Y7/4Q2O7/3LIART7/7I7/7s7/7M7/15/15/15/15 EHORSST/ADDJLTX 23/87 0
KLV3_THREEWAY_DISAGREEMENT	2	30015	8501	2	74	0	0	p2	p4	p6	1,0,11,1,4,4,52000,62968,11,1,26,9	1,6,7,0,4,5,44000,51009,26,1,9,0,1	1,6,7,0,4,5,44000,51009,26,1,9,0,1	0	0	0	0	0	0	0	0	0	0	0	0	0	0	0	0	0	0	0	0	0	0	0	0	15/15/15/10P4/10R4/10E4/10D4/7ENFIX3/10A4/10L4/10S4/15/15/15/15 AAIKPSZ/AIIIRTU 46/94 0
KLV3_THREEWAY_DISAGREEMENT	3	30016	8501	3	70	0	0	p2	p4	p6	1,2,12,1,4,4,35000,15234,1,18,20,9	1,2,12,1,4,4,35000,15234,1,18,20,9	1,0,11,0,3,4,24000,16502,0,21,9,1	0	0	0	0	0	0	0	0	0	0	0	0	0	0	0	0	0	0	0	0	0	0	0	0	11K3/11A3/11Z3/10PI3/10R4/10E4/10D4/7ENFIX3/10A4/10L4/10S4/15/15/15/15 AIIIRTU/AGOOPSV 94/98 0
KLV3_THREEWAY_DISAGREEMENT	4	30025	8502	0	86	0	0	p2	p4	p6	1,7,3,0,5,5,24000,33739,6,12,15,21,18	1,7,3,0,5,5,24000,33739,6,12,15,21,18	1,7,3,0,5,5,24000,33739,6,21,18,15,12	0	0	0	0	0	0	0	0	0	0	0	0	0	0	0	0	0	0	0	0	0	0	0	0	15/15/15/15/15/15/15/15/15/15/15/15/15/15/15 FLORRSU/BDEEIOR 0/0 0
KLV3_THREEWAY_DISAGREEMENT	5	30027	8502	2	74	0	0	p2	p4	p6	1,6,6,1,3,4,6000,14621,14,0,18,18	1,3,3,0,3,4,8000,10444,12,0,18,14	1,3,3,0,3,4,8000,10444,12,0,18,14	0	0	0	0	0	0	0	0	0	0	0	0	0	0	0	0	0	0	0	0	0	0	0	0	15/4E10/4R10/4O10/4D10/4I10/4B10/3FLOUR7/4E10/15/15/15/15/15/15 ILNRRRS/ADFINOS 24/72 0
KLV3_THREEWAY_DISAGREEMENT	6	30032	8502	7	52	0	0	p2	p4	p6	1,0,2,1,2,3,18000,50409,11,0,16	1,10,4,0,3,4,20000,50030,11,9,16,0	1,10,4,0,3,4,20000,50030,11,9,16,0	0	0	0	0	0	0	0	0	0	0	0	0	0	0	0	0	0	0	0	0	0	0	0	0	L14/ALINER9/I3R10/R2RONZ8/Y3D10/4IF1N7/4BO1A7/3FLOUR7/4ED1C7/7I7/7S7/7T7/7S7/15/15 ADIKPT?/AEJSSUV 169/97 0
KLV3_THREEWAY_DISAGREEMENT	7	30044	8503	6	58	0	0	p2	p4	p6	1,2,12,1,6,6,56000,55067,10,1,26,9,5,19	1,2,12,1,6,6,56000,55067,10,1,26,9,5,19	1,1,5,0,2,3,26000,48942,10,9,0	0	0	0	0	0	0	0	0	0	0	0	0	0	0	0	0	0	0	0	0	0	0	0	0	7E7/7N7/7V7/3VaNpOOLS4/7Y2T4/10R4/10I4/7TOUGH3/6FIX1A4/8OFT4/10E4/15/15/15/15 AEIJPSZ/DEGILUU 119/169 0
KLV3_THREEWAY_DISAGREEMENT	8	30056	8504	4	73	0	0	p2	p4	p6	1,11,5,1,3,3,20000,23615,14,5,6	1,11,3,0,5,7,22000,24119,6,12,15,0,0,5,4	1,11,3,0,5,7,22000,24119,6,12,15,0,0,5,4	0	0	0	0	0	0	0	0	0	0	0	0	0	0	0	0	0	0	0	0	0	0	0	0	15/15/15/15/15/15/15/6QIN6/6IO7/6V8/6I8/6UT7/6TA7/7X7/7I7 DEEFLNO/EEEILNR 43/58 0
KLV3_THREEWAY_DISAGREEMENT	9	30057	8504	5	68	0	0	p2	p4	p6	1,10,2,0,3,3,15000,22979,12,5,5	1,10,3,0,2,2,13000,19473,5,5	1,10,3,0,2,2,13000,19473,5,5	0	0	0	0	0	0	0	0	0	0	0	0	0	0	0	0	0	0	0	0	0	0	0	0	15/15/15/15/15/15/15/6QIN6/6IO7/6V8/6I8/3FLOUTED5/6TA7/7X7/7I7 EEEILNR/BEIJNSY 58/65 0
KLV3_THREEWAY_DISAGREEMENT	10	30059	8504	7	61	0	0	p2	p4	p6	1,14,5,0,7,8,61000,61000,3,1,0,18,14,9,5,18	1,14,2,0,7,8,61000,61000,3,1,9,18,14,0,5,18	1,14,2,0,7,8,61000,61000,3,1,9,18,14,0,5,18	0	0	0	0	0	0	0	0	0	0	0	0	0	0	0	0	0	0	0	0	0	0	0	0	15/15/15/15/15/15/15/6QIN6/6IO7/6V8/2LEE1I1BENJ3/3FLOUTED5/6TA7/7X7/7I7 ACEINRR/AAHIRSY 73/98 0
KLV3_THREEWAY_DISAGREEMENT	11	30071	8505	5	56	0	0	p2	p4	p6	1,0,3,1,4,4,20000,10956,1,23,5,5	1,0,3,1,4,4,20000,11392,15,23,9,5	1,0,3,1,4,4,20000,11392,15,23,9,5	0	0	0	0	0	0	0	0	0	0	0	0	0	0	0	0	0	0	0	0	0	0	0	0	7s7/7O7/7A7/4S2K7/4I2I7/4EF1N7/4RE1G7/3SORBS7/4ZE9/4ER9/4M10/1aCUSHLA7/15/15/15 AAEEIOW/BDDEOQR 195/190 0
KLV3_THREEWAY_DISAGREEMENT	12	30073	8505	7	51	0	0	p2	p4	p6	1,7,6,1,2,3,22000,23943,0,1,1	1,8,2,1,4,5,24000,27249,3,1,5,0,1	1,8,2,1,4,5,24000,27249,3,1,5,0,1	0	0	0	0	0	0	0	0	0	0	0	0	0	0	0	0	0	0	0	0	0	0	0	0	3O3s7/3W3O7/2QI3A7/3ES2K7/4I2I7/4EF1N7/4RE1G7/3SORBS7/4ZE9/4ER9/4M10/1aCUSHLA7/15/15/15 AAACEET/ABDDEOR 215/212 0
KLV3_THREEWAY_DISAGREEMENT	13	30078	8506	0	86	0	0	p2	p4	p6	1,7,6,0,3,3,12000,25046,6,15,5	1,7,6,0,3,3,12000,25046,6,15,5	1,7,3,0,5,5,30000,29272,15,26,15,14,5	0	0	0	0	0	0	0	0	0	0	0	0	0	0	0	0	0	0	0	0	0	0	0	0	15/15/15/15/15/15/15/15/15/15/15/15/15/15/15 EEFNOOZ/AIINNOT 0/0 0
KLV3_THREEWAY_DISAGREEMENT	14	30103	8508	1	80	0	0	p2	p4	p6	1,5,9,1,4,4,28000,21100,23,1,18,11	1,5,9,1,4,4,28000,21100,23,1,18,11	1,6,7,0,3,3,25000,19464,1,23,11	0	0	0	0	0	0	0	0	0	0	0	0	0	0	0	0	0	0	0	0	0	0	0	0	15/15/15/15/15/15/15/3COURIE6/15/15/15/15/15/15/15 AIKRTVW/EHINNPR 0/22 0
KLV3_THREEWAY_DISAGREEMENT	15	30118	8509	4	70	0	0	p2	p4	p6	1,0,3,0,5,6,24000,21697,0,21,18,12,9,14	1,2,2,1,4,4,25000,19569,16,9,18,14	1,2,2,1,4,4,25000,19569,16,9,18,14	0	0	0	0	0	0	0	0	0	0	0	0	0	0	0	0	0	0	0	0	0	0	0	0	3M11/3I11/3A11/3O11/3UT10/4H10/3ROID8/4WOOF7/4L10/15/15/15/15/15/15 ILNNPRU/BEEINOS 42/41 0
KLV3_THREEWAY_DISAGREEMENT	16	30135	8510	6	61	0	0	p2	p4	p6	1,3,9,0,4,5,26000,31788,22,0,21,3,8	1,3,9,0,4,5,26000,31788,22,0,21,3,8	1,3,9,0,4,5,26000,27446,8,0,22,15,3	0	0	0	0	0	0	0	0	0	0	0	0	0	0	0	0	0	0	0	0	0	0	0	0	15/15/15/10A4/10U4/5VANDAS4/6ZA2T4/3BOWIE2E4/3AEON3R4/5EE3E4/15/15/15/15/15 CHIOSUV/AEELLMT 107/118 0
KLV3_THREEWAY_DISAGREEMENT	17	30143	8511	1	81	0	0	p2	p4	p6	1,4,12,1,5,5,24000,20743,2,21,20,20,25	1,8,4,0,5,5,26000,22743,2,21,20,20,25	1,8,4,0,5,5,26000,22743,2,21,20,20,25	0	0	0	0	0	0	0	0	0	0	0	0	0	0	0	0	0	0	0	0	0	0	0	0	15/15/15/15/15/15/15/7UNWON3/15/15/15/15/15/15/15 BGITTUY/AAEEGIP 0/18 0
KLV3_THREEWAY_DISAGREEMENT	18	30145	8511	3	69	0	0	p2	p4	p6	1,0,7,0,5,6,36000,31257,23,1,9,22,0,18	1,0,7,0,5,6,36000,31257,23,1,22,9,0,18	1,0,7,0,5,6,36000,31257,23,1,22,9,0,18	0	0	0	0	0	0	0	0	0	0	0	0	0	0	0	0	0	0	0	0	0	0	0	0	11E3/11P3/11I3/11G3/11A3/11E3/11A3/7UNWON3/4BUTTY6/15/15/15/15/15/15 AGIORVW/ABEMPTT 26/92 0
KLV3_THREEWAY_DISAGREEMENT	19	30158	8512	4	71	0	0	p2	p4	p6	1,7,9,0,6,6,31000,30877,9,4,9,15,20,19	1,7,9,0,6,6,31000,30877,9,4,9,15,20,19	1,7,9,0,5,5,14000,22282,9,4,9,15,20	0	0	0	0	0	0	0	0	0	0	0	0	0	0	0	0	0	0	0	0	0	0	0	0	15/15/15/15/8NY5/4BHAGEE5/6MATT5/5UEY7/15/15/15/15/15/15/15 CDIIOST/ADILNSV 52/36 0
KLV3_THREEWAY_DISAGREEMENT	20	30161	8512	7	54	0	0	p2	p4	p6	1,1,10,1,4,4,20000,15282,18,15,21,5	1,1,4,1,5,6,16000,15362,15,21,18,5,0,9	1,1,4,1,5,6,16000,15362,15,21,18,5,0,9	0	0	0	0	0	0	0	0	0	0	0	0	0	0	0	0	0	0	0	0	0	0	0	0	15/15/15/15/8NY5/4BHAGEE5/6MATT5/5UEY1IDIOTS/11N3/11V3/11A3/11L3/11I3/11D3/7GOWDS3 AEEIORU/ACELORT 112/113 0
KLV3_THREEWAY_DISAGREEMENT	21	30174	8513	8	53	0	0	p2	p4	p6	1,3,5,0,7,7,74000,74000,7,12,9,1,4,9,14	1,3,5,0,7,7,74000,74000,4,9,1,12,9,14,7	1,3,5,0,7,7,74000,74000,4,9,1,12,9,14,7	0	0	0	0	0	0	0	0	0	0	0	0	0	0	0	0	0	0	0	0	0	0	0	0	15/15/15/15/4ZE9/4EE9/4N10/3FADED7/4NO1EH6/3VAX1LA6/2HOS2AM6/2OI3TE6/2OP3I7/7N7/7G7 ADGIILN/AAIKNSS 160/179 0
KLV3_THREEWAY_DISAGREEMENT	22	30181	8514	2	74	0	0	p2	p4	p6	1,6,5,0,2,3,18000,28948,0,2,9	1,6,5,0,2,3,18000,28948,0,2,9	1,9,4,1,2,2,16000,26948,2,9	0	0	0	0	0	0	0	0	0	0	0	0	0	0	0	0	0	0	0	0	0	0	0	0	15/15/15/5A9/5T9/5R9/5O9/3WIPED7/5I9/5A9/5S9/15/15/15/15 ABEIINT/AAEEOYZ 30/64 0
KLV3_THREEWAY_DISAGREEMENT	23	30194	8515	3	71	0	0	p2	p4	p6	1,2,6,0,3,4,21000,25246,14,15,0,1	1,2,10,0,4,4,22000,23324,14,1,15,9	1,2,6,0,3,4,21000,25246,14,15,0,1	0	0	0	0	0	0	0	0	0	0	0	0	0	0	0	0	0	0	0	0	0	0	0	0	15/15/8V6/6EXOdERMS1/8G6/8U6/8E6/6QIS6/15/15/15/15/15/15/15 ACINNOO/ABEKSWY 27/120 0
KLV3_THREEWAY_DISAGREEMENT	24	30196	8515	5	61	0	0	p2	p4	p6	1,1,9,0,5,5,36000,30103,3,21,20,9,14	1,1,9,0,5,5,36000,30103,3,21,14,9,20	1,1,9,0,5,5,36000,30103,3,21,14,9,20	0	0	0	0	0	0	0	0	0	0	0	0	0	0	0	0	0	0	0	0	0	0	0	0	15/15/6NOVA5/6EXOdERMS1/8G6/8U6/7BE6/6QIS6/7K7/7E7/7W7/7A7/7Y7/7S7/15 CIINOTU/BDELRRS 48/195 0
KLV3_THREEWAY_DISAGREEMENT	25	30230	8518	3	72	0	0	p2	p4	p6	1,10,7,1,5,5,28000,16450,2,15,18,5,5	1,8,9,1,3,3,20000,19150,2,15,9	1,8,9,1,3,3,20000,19150,2,15,9	0	0	0	0	0	0	0	0	0	0	0	0	0	0	0	0	0	0	0	0	0	0	0	0	15/15/15/15/15/5P9/5I2A6/3WOLVER6/5A2O6/5U2H6/8A6/15/15/15/15 BEEIIOR/AEINRU? 22/45 0
KLV3_THREEWAY_DISAGREEMENT	26	30239	8519	0	86	0	0	p2	p4	p6	1,7,5,0,7,7,68000,68000,5,152,9,12,9,14,7	1,7,5,0,7,7,68000,68000,5,12,9,132,9,14,7	1,7,5,0,7,7,68000,68000,5,12,9,132,9,14,7	0	0	0	0	0	0	0	0	0	0	0	0	0	0	0	0	0	0	0	0	0	0	0	0	15/15/15/15/15/15/15/15/15/15/15/15/15/15/15 EGIILN?/AELMNXY 0/0 0
KLV3_THREEWAY_DISAGREEMENT	27	30240	8519	1	79	0	0	p2	p4	p6	1,6,9,1,3,4,24000,28787,13,0,24,25	1,6,9,1,3,4,24000,28787,13,0,24,25	1,6,9,1,3,4,29000,31750,13,0,14,24	0	0	0	0	0	0	0	0	0	0	0	0	0	0	0	0	0	0	0	0	0	0	0	0	15/15/15/15/15/15/15/3GINgELI5/15/15/15/15/15/15/15 AELMNXY/AEEGHOY 0/68 0
KLV3_THREEWAY_DISAGREEMENT	28	30267	8521	2	74	0	0	p2	p4	p6	1,14,3,0,6,7,66000,65067,0,17,21,5,129,11,25	1,13,1,0,3,4,32000,63746,17,21,0,25	1,13,1,0,3,4,32000,63746,17,21,0,25	0	0	0	0	0	0	0	0	0	0	0	0	0	0	0	0	0	0	0	0	0	0	0	0	15/15/15/15/15/15/15/3CUBED7/3O11/3R11/3S11/3I11/3T11/3E11/3S11 EKPQUY?/DEEEIMN 26/72 0
KLV3_THREEWAY_DISAGREEMENT	29	30278	8522	1	83	0	0	p2	p4	p6	1,7,7,1,7,8,77000,77000,0,142,4,133,14,20,5,4	1,7,7,1,7,8,77000,77000,0,142,4,133,14,20,5,4	1,7,7,1,7,8,77000,77000,0,142,20,133,14,4,5,4	0	0	0	0	0	0	0	0	0	0	0	0	0	0	0	0	0	0	0	0	0	0	0	0	15/15/15/15/15/15/15/5AVI7/15/15/15/15/15/15/15 DDENT??/EEFIKNS 0/12 0
KLV3_THREEWAY_DISAGREEMENT	30	30395	8531	0	86	0	0	p2	p4	p6	1,7,5,0,7,7,86000,86000,3,8,1,142,20,5,25	1,7,3,0,7,7,86000,85300,25,1,3,8,20,5,132	1,7,3,0,7,7,86000,85300,25,1,3,8,20,5,132	0	0	0	0	0	0	0	0	0	0	0	0	0	0	0	0	0	0	0	0	0	0	0	0	15/15/15/15/15/15/15/15/15/15/15/15/15/15/15 ACEHTY?/EGJLRST 0/0 0
KLV3_THREEWAY_DISAGREEMENT	31	30421	8533	1	81	0	0	p2	p4	p6	1,5,5,1,4,5,27000,33991,6,12,0,19,8	1,5,5,1,2,3,35000,35352,26,8,0	1,5,5,1,2,3,35000,35352,26,8,0	0	0	0	0	0	0	0	0	0	0	0	0	0	0	0	0	0	0	0	0	0	0	0	0	15/15/15/15/15/15/15/3POORI7/15/15/15/15/15/15/15 FHIJLSZ/FGINNRT 0/20 0
KLV3_THREEWAY_DISAGREEMENT	32	30476	8537	0	86	0	0	p2	p4	p6	5,0,0,0,5,5,0,3980,1,6,15,21,21	1,7,5,0,3,3,12000,8758,21,6,15	1,7,5,0,3,3,12000,8758,21,6,15	0	0	0	0	0	0	0	0	0	0	0	0	0	0	0	0	0	0	0	0	0	0	0	0	15/15/15/15/15/15/15/15/15/15/15/15/15/15/15 ADEFOUU/KLMRSTZ 0/0 0
KLV3_THREEWAY_DISAGREEMENT	33	30480	8537	4	68	0	0	p2	p4	p6	1,4,3,1,7,8,74000,74000,133,14,7,18,0,22,5,18	1,4,3,1,7,8,74000,74000,133,14,7,18,0,22,5,18	1,4,3,1,7,8,74000,74000,5,14,7,18,0,22,133,18	0	0	0	0	0	0	0	0	0	0	0	0	0	0	0	0	0	0	0	0	0	0	0	0	15/15/15/15/15/5K9/5L9/Q4UFO7/UNBAITED7/a4Z9/L14/M14/15/15/15 EGNRRV?/EINRRSU 86/102 0
KLV3_THREEWAY_DISAGREEMENT	34	30493	8538	4	67	0	0	p2	p4	p6	1,10,4,0,6,7,56000,48427,6,9,7,140,0,11,5	1,5,13,1,2,3,32000,51116,17,9,0	1,5,13,1,2,3,32000,51116,17,9,0	0	0	0	0	0	0	0	0	0	0	0	0	0	0	0	0	0	0	0	0	0	0	0	0	15/15/15/15/15/8N6/8O6/6OUTSPrANG/8I6/8T6/8I6/8A6/7ZE6/7E7/7X7 EFGIKQ?/ACIOPUY 65/151 0
KLV3_THREEWAY_DISAGREEMENT	35	30495	8538	6	62	0	0	p2	p4	p6	1,6,12,1,2,3,30000,63502,11,0,6	1,11,9,1,3,3,33000,63254,7,1,11	1,11,9,1,3,3,33000,63254,7,1,11	0	0	0	0	0	0	0	0	0	0	0	0	0	0	0	0	0	0	0	0	0	0	0	0	15/15/15/15/9A5/8NY3Q1/8OU3I1/6OUTSPrANG/8I6/8T6/8I6/8A6/7ZE6/7E7/7X7 AEFGKT?/CIOPSTW 97/181 0
KLV3_THREEWAY_DISAGREEMENT	36	30515	8540	0	86	0	0	p2	p4	p6	5,0,0,0,4,4,0,28697,12,13,14,16	5,0,0,0,4,4,0,29122,4,12,13,14	5,0,0,0,4,4,0,29122,4,12,13,14	0	0	0	0	0	0	0	0	0	0	0	0	0	0	0	0	0	0	0	0	0	0	0	0	15/15/15/15/15/15/15/15/15/15/15/15/15/15/15 DLMNPR?/AAAINSU 0/0 0
KLV3_THREEWAY_DISAGREEMENT	37	30516	8540	1	86	0	0	p2	p4	p6	5,0,0,0,3,3,0,13723,1,1,21	1,7,7,0,3,3,6000,19023,1,21,1	1,7,7,0,3,3,6000,19023,1,21,1	0	0	0	0	0	0	0	0	0	0	0	0	0	0	0	0	0	0	0	0	0	0	0	0	15/15/15/15/15/15/15/15/15/15/15/15/15/15/15 AAAINSU/AAEERR? 0/0 1
KLV3_THREEWAY_DISAGREEMENT	38	30520	8540	5	65	0	0	p2	p4	p6	1,10,7,1,5,5,32000,29917,8,9,14,1,21	1,10,7,1,5,5,32000,29917,8,9,14,1,21	1,2,14,1,5,6,39000,29715,0,8,5,14,1,9	0	0	0	0	0	0	0	0	0	0	0	0	0	0	0	0	0	0	0	0	0	0	0	0	7k7/7A7/7ROBINIAS/7E7/7A7/7R7/6PE7/5AUA7/6B8/6C8/6O8/15/15/15/15 AEHIINU/ADNPSU? 78/98 0
KLV3_THREEWAY_DISAGREEMENT	39	30566	8544	0	86	0	0	p2	p4	p6	5,0,0,0,2,2,0,8088,1,15	1,7,3,0,6,6,22000,20118,13,1,14,15,1,15	1,7,3,0,6,6,22000,20118,13,1,14,15,1,15	0	0	0	0	0	0	0	0	0	0	0	0	0	0	0	0	0	0	0	0	0	0	0	0	15/15/15/15/15/15/15/15/15/15/15/15/15/15/15 AAMNOOT/DGHIMOR 0/0 0
KLV3_THREEWAY_DISAGREEMENT	40	30626	8548	4	64	0	0	p2	p4	p6	1,9,1,0,4,5,40000,35835,2,0,4,9,13	1,9,1,0,5,6,41000,30857,2,0,4,9,13,19	1,9,1,0,5,6,41000,30857,2,0,4,9,13,19	0	0	0	0	0	0	0	0	0	0	0	0	0	0	0	0	0	0	0	0	0	0	0	0	15/15/15/3A11/3G11/3U11/3I11/3ZEROINg5/2NE11/2E12/2R12/WIVE11/2U12/2L12/2E12 BDIMPQS/DEGIOT? 175/60 0
KLV3_THREEWAY_DISAGREEMENT	41	30627	8548	5	60	0	0	p2	p4	p6	1,14,2,0,7,8,83000,83000,0,7,15,20,9,147,5,4	1,14,2,0,7,8,83000,83000,0,7,15,20,9,147,5,4	1,14,2,0,7,8,83000,83000,0,7,15,20,9,154,5,4	0	0	0	0	0	0	0	0	0	0	0	0	0	0	0	0	0	0	0	0	0	0	0	0	15/15/15/3A11/3G11/3U11/3I11/3ZEROINg5/2NE11/1BEDIM9/2R12/WIVE11/2U12/2L12/2E12 DEGIOT?/AAINPQS 60/215 0
KLV3_THREEWAY_DISAGREEMENT	42	30636	8549	1	79	0	0	p2	p4	p6	1,4,4,1,7,8,74000,74000,5,14,20,0,148,9,5,147	1,3,4,1,7,8,74000,74000,150,5,9,14,0,5,147,20	1,3,4,1,7,8,74000,74000,150,5,9,14,0,5,147,20	0	0	0	0	0	0	0	0	0	0	0	0	0	0	0	0	0	0	0	0	0	0	0	0	15/15/15/15/15/15/15/2SKIORER6/15/15/15/15/15/15/15 EEINT??/AADEUVW 0/82 0
KLV3_THREEWAY_DISAGREEMENT	43	30649	8550	0	86	0	0	p2	p4	p6	1,7,5,0,4,4,22000,13855,9,24,9,1	1,7,7,0,4,4,22000,14555,9,24,9,1	1,7,7,0,4,4,22000,14555,9,24,9,1	0	0	0	0	0	0	0	0	0	0	0	0	0	0	0	0	0	0	0	0	0	0	0	0	15/15/15/15/15/15/15/15/15/15/15/15/15/15/15 AIIITUX/EEIOUU? 0/0 0
KLV3_THREEWAY_DISAGREEMENT	44	30676	8552	0	86	0	0	p2	p4	p6	1,7,3,0,5,5,24000,51105,2,1,14,3,15	1,7,3,0,5,5,24000,51105,2,1,14,3,15	1,7,3,0,5,5,24000,50405,2,1,3,15,14	0	0	0	0	0	0	0	0	0	0	0	0	0	0	0	0	0	0	0	0	0	0	0	0	15/15/15/15/15/15/15/15/15/15/15/15/15/15/15 ABCNOO?/DEEILLU 0/0 0
KLV3_THREEWAY_DISAGREEMENT	45	30702	8554	1	81	0	0	p2	p4	p6	1,8,2,0,2,2,24000,47887,17,9	1,6,2,0,2,2,24000,47887,17,9	1,6,2,0,2,2,24000,47887,17,9	0	0	0	0	0	0	0	0	0	0	0	0	0	0	0	0	0	0	0	0	0	0	0	0	15/15/15/15/15/15/15/3DOGGO7/15/15/15/15/15/15/15 HIPQYY?/CDIINPU 0/20 0
KLV3_THREEWAY_DISAGREEMENT	46	30713	8555	0	86	0	0	p2	p4	p6	1,7,4,0,4,4,28000,20702,10,5,6,5	1,7,6,0,4,4,28000,20702,10,5,6,5	1,7,6,0,4,4,28000,20702,10,5,6,5	0	0	0	0	0	0	0	0	0	0	0	0	0	0	0	0	0	0	0	0	0	0	0	0	15/15/15/15/15/15/15/15/15/15/15/15/15/15/15 EEEFIJO/DISTTTV 0/0 0
KLV3_THREEWAY_DISAGREEMENT	47	30719	8555	6	69	0	0	p2	p4	p6	1,8,7,0,2,2,6000,12956,1,5	1,8,7,0,2,2,6000,12956,1,5	1,5,8,0,4,4,14000,15981,1,2,12,5	0	0	0	0	0	0	0	0	0	0	0	0	0	0	0	0	0	0	0	0	0	0	0	0	15/15/15/15/15/15/5DITT6/4JEFE7/4OE9/3TID9/3SNY9/3K11/15/15/15 AABEELN/DEGOPRS 78/42 0
KLV3_THREEWAY_DISAGREEMENT	48	30723	8555	10	51	0	0	p2	p4	p6	1,1,9,1,7,7,68000,68000,1,14,7,12,9,19,20	1,1,9,1,7,7,68000,68000,1,14,7,12,9,19,20	1,4,9,1,7,7,68000,68000,12,1,19,20,9,14,7	0	0	0	0	0	0	0	0	0	0	0	0	0	0	0	0	0	0	0	0	0	0	0	0	15/15/15/15/15/15/5DITT6/4JEFE7/4OE9/3TID9/3SNY9/3KA10/4B10/3PLEDGORS4/RATEEN1OW6 AGILNST/BEHIINZ 129/137 0
KLV3_THREEWAY_DISAGREEMENT	49	30742	8557	3	72	0	0	p2	p4	p6	1,2,7,1,5,6,15000,20582,3,8,1,20,20,0	1,7,4,1,3,4,13000,17910,0,20,1,20	1,7,4,1,3,4,13000,17910,0,20,1,20	0	0	0	0	0	0	0	0	0	0	0	0	0	0	0	0	0	0	0	0	0	0	0	0	15/15/15/15/15/5P9/5I3G5/3VERDITE5/5O3L5/5G3T5/15/15/15/15/15 ACHLTTZ/AEFMRSW 18/46 0
KLV3_THREEWAY_DISAGREEMENT	50	30746	8557	7	53	0	0	p2	p4	p6	1,8,1,1,5,6,72000,71272,4,26,0,18,5,14	1,9,1,0,3,3,67000,73451,26,5,14	1,9,1,0,3,3,67000,73451,26,5,14	0	0	0	0	0	0	0	0	0	0	0	0	0	0	0	0	0	0	0	0	0	0	0	0	15/15/7CHURLS2/7H7/7A7/5P1T7/4MI1T1G5/3VERDITE5/4WO3L5/5G3T5/SERAFIN8/15/15/15/15 DEEFNRZ/EEIINOY 63/142 0
KLV3_THREEWAY_DISAGREEMENT	51	30752	8558	0	86	0	0	p2	p4	p6	5,0,0,0,3,3,0,11398,14,21,22	5,0,0,0,3,3,0,11398,14,21,22	1,7,7,0,4,4,14000,14148,22,18,15,21	0	0	0	0	0	0	0	0	0	0	0	0	0	0	0	0	0	0	0	0	0	0	0	0	15/15/15/15/15/15/15/15/15/15/15/15/15/15/15 NNORSUV/EIILRSY 0/0 0
KLV3_THREEWAY_DISAGREEMENT	52	30757	8558	5	64	0	0	p2	p4	p6	1,8,6,0,4,4,17000,22826,18,9,22,15	1,14,2,0,2,3,8000,23703,0,21,22	1,14,2,0,2,3,8000,23703,0,21,22	0	0	0	0	0	0	0	0	0	0	0	0	0	0	0	0	0	0	0	0	0	0	0	0	15/15/15/15/15/15/15/3VROUS7/2FEH10/2LIE10/2ALU10/2NYM10/1QI12/1IN12/2G12 CIORSUV/BDERTTW 59/168 0
KLV3_THREEWAY_DISAGREEMENT	53	30768	8559	2	77	0	0	p2	p4	p6	1,1,9,1,7,7,70000,70000,1,7,15,14,9,19,5	1,4,3,1,7,8,70000,70000,19,5,1,0,15,9,14,7	1,1,9,1,7,7,70000,70000,1,7,15,14,9,19,5	0	0	0	0	0	0	0	0	0	0	0	0	0	0	0	0	0	0	0	0	0	0	0	0	15/15/15/15/15/15/5HINT6/3GUIDE7/15/15/15/15/15/15/15 AEGINOS/GINNNST 18/20 0
KLV3_THREEWAY_DISAGREEMENT	54	30769	8559	3	70	0	0	p2	p4	p6	1,2,1,0,7,8,74000,74000,19,20,0,14,14,9,14,7	1,2,2,0,7,8,74000,74000,20,0,14,14,9,14,7,19	1,2,2,0,7,8,74000,74000,20,0,14,14,9,14,7,19	0	0	0	0	0	0	0	0	0	0	0	0	0	0	0	0	0	0	0	0	0	0	0	0	3S11/3E11/3A11/3G11/3O11/3I11/3N1HINT6/3GUIDE7/15/15/15/15/15/15/15 GINNNST/AHJORST 20/90 0
KLV3_THREEWAY_DISAGREEMENT	55	30779	8560	0	86	0	0	p2	p4	p6	5,0,0,0,1,1,0,28642,23	1,7,6,0,4,4,16000,32012,23,1,14,4	1,7,6,0,4,4,16000,32012,23,1,14,4	0	0	0	0	0	0	0	0	0	0	0	0	0	0	0	0	0	0	0	0	0	0	0	0	15/15/15/15/15/15/15/15/15/15/15/15/15/15/15 ADENSTW/AFNOQTT 0/0 0
KLV3_THREEWAY_DISAGREEMENT	56	30786	8560	7	56	0	0	p2	p4	p6	5,0,0,0,5,5,0,-538,2,4,7,7,13	5,0,0,0,5,5,0,-538,2,4,7,7,13	1,6,13,1,3,4,12000,-217,13,0,7,7	0	0	0	0	0	0	0	0	0	0	0	0	0	0	0	0	0	0	0	0	0	0	0	0	15/15/15/10L4/10I4/3WISP3N4/2QAT2FOLK4/3WANTED1SOLUM/10T4/9JET3/10r4/15/15/15/15 BCDGGMN/ADEOSUX 76/169 0
KLV3_THREEWAY_DISAGREEMENT	57	30806	8562	0	86	0	0	p2	p4	p6	1,7,6,0,2,2,10000,37055,6,5	1,7,7,0,2,2,10000,37055,5,6	1,7,7,0,2,2,10000,37055,5,6	0	0	0	0	0	0	0	0	0	0	0	0	0	0	0	0	0	0	0	0	0	0	0	0	15/15/15/15/15/15/15/15/15/15/15/15/15/15/15 EEFINST/AILLORU 0/0 0
KLV3_THREEWAY_DISAGREEMENT	58	30828	8563	8	57	0	0	p2	p4	p6	1,2,12,1,3,3,27000,32852,23,9,19	1,2,12,1,3,3,27000,32852,23,9,19	1,1,12,1,3,3,23000,36323,23,1,9	0	0	0	0	0	0	0	0	0	0	0	0	0	0	0	0	0	0	0	0	0	0	0	0	15/15/15/11Q3/9UTA3/9HOD3/10OI3/3BICEP2T4/6RIGOL4/5VEG1YEP3/10DE3/11G3/15/15/15 ACIINSW/BEESTTU 114/103 0
KLV3_THREEWAY_DISAGREEMENT	59	30842	8564	7	51	0	0	p2	p4	p6	1,12,1,0,4,4,35000,23582,2,9,5,18	1,7,0,1,5,6,24000,23051,5,21,18,9,0,9	1,7,0,1,5,6,24000,23051,5,21,18,9,0,9	0	0	0	0	0	0	0	0	0	0	0	0	0	0	0	0	0	0	0	0	0	0	0	0	10F4/9FE4/9OR4/9AI4/9MA4/5W3EL4/5A2ER5/5gRAVS5/5T2O6/5A2E6/4JIN8/POTHOLES7/15/15/15 ABEIIRU/EELNORT 196/143 0
KLV3_THREEWAY_DISAGREEMENT	60	30852	8565	4	72	0	0	p2	p4	p6	1,0,7,1,7,8,74000,74000,147,15,20,5,18,9,1,0	1,0,7,1,7,8,74000,74000,15,18,9,5,142,20,1,0	1,0,7,1,7,8,74000,74000,15,18,9,5,142,20,1,0	0	0	0	0	0	0	0	0	0	0	0	0	0	0	0	0	0	0	0	0	0	0	0	0	15/15/15/15/2C1B10/2AQUA9/2N1N10/2N1JOWL7/4Y10/15/15/15/15/15/15 AEIORT?/EFGRRST 43/41 0
KLV3_THREEWAY_DISAGREEMENT	61	30864	8566	2	79	0	0	p2	p4	p6	1,6,7,0,7,7,71000,71000,5,18,18,1,14,3,25	1,8,7,0,7,7,71000,71000,5,18,18,1,14,3,25	1,8,7,0,7,7,71000,71000,5,18,18,1,14,3,25	0	0	0	0	0	0	0	0	0	0	0	0	0	0	0	0	0	0	0	0	0	0	0	0	15/15/15/15/15/15/15/2OXALaTE6/15/15/15/15/15/15/15 ACENRRY/EIILTTU 0/92 0
KLV3_THREEWAY_DISAGREEMENT	62	30903	8569	0	86	0	0	p2	p4	p6	5,0,0,0,3,3,0,32330,5,15,15	1,7,3,0,5,5,12000,41565,12,15,15,9,5	1,7,3,0,5,5,12000,41565,12,15,15,9,5	0	0	0	0	0	0	0	0	0	0	0	0	0	0	0	0	0	0	0	0	0	0	0	0	15/15/15/15/15/15/15/15/15/15/15/15/15/15/15 EEILOO?/ADELQRU 0/0 0
KLV3_THREEWAY_DISAGREEMENT	63	30910	8569	7	53	0	0	p2	p4	p6	1,5,8,0,5,6,32000,31032,13,1,9,7,0,5	1,7,12,0,2,3,24000,32480,0,9,7	1,7,12,0,2,3,24000,32480,0,9,7	0	0	0	0	0	0	0	0	0	0	0	0	0	0	0	0	0	0	0	0	0	0	0	0	15/15/15/15/10TAP2/5Q6R2/5U1HENNaED1/3LOOIE4V2/5A6A2/5D6L2/12U2/11HE2/11ED2/11A3/11PERV AEGIIMT/IILNORT 152/131 0
KLV3_THREEWAY_DISAGREEMENT	64	30917	8570	1	79	0	0	p2	p4	p6	1,3,8,1,5,5,28000,27527,7,18,1,22,25	1,4,8,1,4,4,27000,26462,4,1,22,25	1,4,8,1,4,4,27000,26462,4,1,22,25	0	0	0	0	0	0	0	0	0	0	0	0	0	0	0	0	0	0	0	0	0	0	0	0	15/15/15/15/15/15/15/1EUPLOId7/15/15/15/15/15/15/15 ADGNRVY/AEEEKS? 0/72 0
KLV3_THREEWAY_DISAGREEMENT	65	30928	8571	1	81	0	0	p2	p4	p6	1,2,10,1,5,6,18000,17362,8,5,18,5,15,0	1,8,6,0,3,3,16000,16446,8,15,5	1,8,6,0,3,3,16000,16446,8,15,5	0	0	0	0	0	0	0	0	0	0	0	0	0	0	0	0	0	0	0	0	0	0	0	0	15/15/15/15/15/15/15/7TRANQ3/15/15/15/15/15/15/15 AEEEHOR/AEEGOTU 0/48 0
KLV3_THREEWAY_DISAGREEMENT	66	30929	8571	2	76	0	0	p2	p4	p6	1,6,11,1,5,6,32000,27257,5,0,21,1,20,5	1,1,8,0,6,6,28000,28854,15,21,20,1,7,5	1,1,8,0,6,6,28000,28854,15,21,20,1,7,5	0	0	0	0	0	0	0	0	0	0	0	0	0	0	0	0	0	0	0	0	0	0	0	0	15/15/10H4/10E4/10R4/10E4/10O4/7TRANQ3/15/15/15/15/15/15/15 AEEGOTU/ABEEHLY 48/18 0
KLV3_THREEWAY_DISAGREEMENT	67	30945	8572	5	60	0	0	p2	p4	p6	1,10,3,1,4,4,28000,27672,6,9,19,8	1,10,3,1,4,4,28000,27672,6,9,19,8	1,1,5,0,2,3,30000,40392,25,0,23	0	0	0	0	0	0	0	0	0	0	0	0	0	0	0	0	0	0	0	0	0	0	0	0	DILUtOR8/6E8/6C8/6L8/5TOMBIC4/6S8/6I8/4JUNK7/4A1G8/4Z10/4Y10/15/15/15/15 AFHISWY/AENNOOV 113/140 0
KLV3_THREEWAY_DISAGREEMENT	68	30946	8572	6	58	0	0	p2	p4	p6	1,10,3,1,5,5,23000,21752,14,15,22,1,5	1,9,5,1,3,3,23000,22028,15,15,14	1,9,5,1,3,3,23000,22028,15,15,14	0	0	0	0	0	0	0	0	0	0	0	0	0	0	0	0	0	0	0	0	0	0	0	0	DILUtOR8/6E8/6C8/6L8/5TOMBIC4/6S1IF5/6I8/4JUNK7/4A1G8/4Z10/4Y10/15/15/15/15 AENNOOV/AHOOSWY 140/143 0
KLV3_THREEWAY_DISAGREEMENT	69	30954	8573	0	86	0	0	p2	p4	p6	1,7,6,0,3,3,12000,10608,21,22,1	1,7,6,0,3,3,12000,11308,22,1,21	1,7,6,0,3,3,12000,11308,22,1,21	0	0	0	0	0	0	0	0	0	0	0	0	0	0	0	0	0	0	0	0	0	0	0	0	15/15/15/15/15/15/15/15/15/15/15/15/15/15/15 AAIOUVX/AAFILOW 0/0 0
KLV3_THREEWAY_DISAGREEMENT	70	30988	8575	5	61	0	0	p2	p4	p6	1,0,7,1,5,5,20000,16536,18,5,1,12,15	1,11,8,1,2,3,9000,18316,15,1,0	1,11,8,1,2,3,9000,18316,15,1,0	0	0	0	0	0	0	0	0	0	0	0	0	0	0	0	0	0	0	0	0	0	0	0	0	15/15/15/15/6T8/6I8/6V8/5GYM7/7A7/7D7/7R7/7O7/BITOU2N7/1TOWNLIER6/7S7 AAEILOR/AEGIIOS 162/59 0
KLV3_THREEWAY_DISAGREEMENT	71	30989	8575	6	57	0	0	p2	p4	p6	1,2,5,1,4,4,13000,24312,1,7,9,15	1,2,7,1,4,4,11000,22312,1,7,9,15	1,2,7,1,4,4,11000,22312,1,7,9,15	0	0	0	0	0	0	0	0	0	0	0	0	0	0	0	0	0	0	0	0	0	0	0	0	15/15/15/15/6T8/6I8/6V8/5GYM7/7A7/7D7/7R7/7O7/BITOU2N7/1TOWNLIER6/EARL3S7 AEGIIOS/AAIJLOT 59/190 0
