pos,phase,game,left_move,right_move,wp_gain_pp
1,early,0,h8 UNROUGED,h8 UNROUGED,0.0
2,middle,1,13c VENEREAL,13c VENEREAL,0.0
3,late,2,15a JIRD,15a JIRD,0.0
4,early,3,6f HENBIT,6f HENBIT,0.0
5,middle,4,6f TOLEWARE,6f TOLEWARE,0.0
6,late,5,14e AX,14e AX,0.0
7,early,6,b14 EW,b14 EW,0.0
8,middle,7,10h POWS,10h POWS,0.0
9,late,8,b8 NOX,b8 NOX,0.0
10,early,9,15c THORON,15c THORON,0.0
11,middle,10,4l HALF,4l HALF,0.0
12,late,11,14f DENTAL,14f DENTAL,0.0
13,early,12,l3 UPWARD,l3 UPWARD,0.0
14,middle,13,h1 PEKIN,h1 PEKIN,0.0
15,late,14,d12 MAZY,d12 MAZY,0.0
16,early,15,5i RIGOL,5i RIGOL,0.0
17,middle,16,g1 AINEE,g1 AINE,0.5078146999999977
18,late,17,5h MEFFS,5h MEFFS,0.0
19,early,18,i7 UNHEARSE,i7 UNHEARSE,0.0
20,middle,19,h12 FALX,h12 FALX,0.0
21,late,20,k3 FOP,k3 FOP,0.0
22,early,21,f8 CERATINs,f8 CERATINs,0.0
23,middle,22,n2 COOZE,n2 COOZE,0.0
24,late,23,k5 JO,k5 JO,0.0
25,early,24,5j HOUT,5j HOUT,0.0
26,middle,25,6j QADI,6j QADI,0.0
27,late,26,d1 YIPES,d1 YIPES,0.0
28,early,27,l5 ANOXEMIA,l5 ANOXEMIA,0.0
29,middle,28,9g ONO,9g ONO,0.0
30,late,29,13k VAT,13k VAT,0.0
31,early,30,a8 CAPSIzED,a8 CAPSIzED,0.0
32,middle,31,b10 EXEUNT,b10 EXEUNT,0.0
33,late,32,13i FAP,13i FAP,0.0
34,early,33,8l MUTI,8l MUTI,0.0
35,middle,34,a11 SWUNG,a11 SWUNG,0.0
36,late,35,14i DERMOiD,14i DERMOiD,0.0
37,early,36,5j NETT,5j NETT,0.0
38,middle,37,c1 ICE,c1 ICE,0.0
39,late,38,15l ETIC,15l ETIC,0.0
40,early,39,4c OOSY,4c OOSY,0.0
41,middle,40,2l TOCK,2l TOCK,0.0
42,late,41,10m AX,10m AX,0.0
43,early,42,j4 DEX,j4 DEX,0.0
44,middle,43,d1 JIAO,d1 JIAO,0.0
45,late,44,l1 PROGRAM,l1 PROGRAM,0.0
46,early,45,10a LAIPSING,10a LAIPSING,0.0
47,middle,46,h11 HIREE,h11 HIREE,0.0
48,late,47,l9 MYCELIA,l9 MYCELIA,0.0
49,early,48,h10 BULKED,h10 BULKED,0.0
50,middle,49,15g LUZ,15g LUZ,0.0
51,late,50,15b sANDBaR,15b sANDBaR,0.0
52,early,51,f6 ZIG,f6 ZIG,0.0
53,middle,52,3c WAVE,3c WAVE,0.0
54,late,53,15k GLIFF,15k GLIFF,0.0
55,early,54,b10 WON,b10 WON,0.0
56,middle,55,a5 NAOI,a5 NAOI,0.0
57,late,56,k4 DENTINES,k4 DENTINES,0.0
58,early,57,i3 JUCOS,i3 JUCOS,0.0
59,middle,58,14b TRISULA,14b TRISULA,0.0
60,late,59,2f AUNTLIKE,2f AUNTLIKE,0.0
61,early,60,11i FRIARY,11i FRIARY,0.0
62,middle,61,a14 BE,a14 BE,0.0
63,late,62,13l GAW,13l GAW,0.0
64,early,63,l6 SUITORED,l6 SUITORED,0.0
65,middle,64,2b WEEM,2b WEEM,0.0
66,late,65,b8 SNEEZED,b8 SNEEZED,0.0
67,early,66,a11 HAVOC,a11 HAVOC,0.0
68,middle,67,j8 SAZ,j8 SAZ,0.0
69,late,68,13a FINK,13a FINK,0.0
70,early,69,2j MOWA,2j MOWA,0.0
71,middle,70,d1 KUBIE,d1 KUBIE,0.0
72,late,71,10i ROOD,10i ROOD,0.0
73,early,72,9e VUM,9e VUM,0.0
74,middle,73,5k WOVE,5k WOVE,0.0
75,late,74,c11 WOVEN,c11 WOVEN,0.0
76,early,75,2f WILJA,2f WILJA,0.0
77,middle,76,a1 PyRANOSE,a1 PyRANOSE,0.0
78,late,77,o4 INHABIT,o4 INHABIT,0.0
79,early,78,10g WIT,10g WIT,0.0
80,middle,79,d11 VARIX,d11 VARIX,0.0
81,late,80,2c SHOEING,2c SHOEING,0.0
82,early,81,9d RUANA,9d RUANA,0.0
83,middle,82,o12 FOB,o12 FOB,0.0
84,late,83,15h TEREDOs,15h TEREDOs,0.0
85,early,84,j5 EXON,j8 NOX,-0.07634069999999937
86,middle,85,h12 WAXY,h12 WAXY,0.0
87,late,86,4a BUGBANE,4a BUGBANE,0.0
88,early,87,h1 TERMER,h1 TERMER,0.0
89,middle,88,n1 WILT,n1 WILT,0.0
90,late,89,j10 AMIGO,j10 AMIGO,0.0
91,early,90,j10 FOUAT,j10 FOUAT,0.0
92,middle,91,m11 JILL,m11 JILL,0.0
93,late,92,13m ARO,13m OOR,-0.07485820000000003
94,early,93,j7 KIRN,j7 KIRN,0.0
95,middle,94,6d HERD,6d HERD,0.0
96,late,95,15n AD,15n AD,0.0
97,early,96,10f RAVIOLI,10f RAVIOLI,0.0
98,middle,97,3c FOLX,3c FOLX,0.0
99,late,98,1e CAUKS,1e CAUKS,0.0
100,early,99,12e BO,12e BO,0.0
101,middle,100,12a GRRRL,12a GRRRL,0.0
102,late,101,6h LOX,6h LOX,0.0
103,early,102,6h HMM,6h HMM,0.0
104,middle,103,m9 BADDEST,m9 BADDEST,0.0
105,late,104,1l JEDI,1l JEDI,0.0
106,early,105,e3 HOVING,e3 HOVING,0.0
107,middle,106,e11 HAUL,e11 HAUL,0.0
108,late,107,2l DICT,2l DICT,0.0
109,early,108,k4 PEnSIONE,k4 PEnSIONE,0.0
110,middle,109,c7 CLEAnSE,c7 CLEAnSE,0.0
111,late,110,a8 FINITO,a8 FINITO,0.0
112,early,111,13b QIN,13b QIN,0.0
113,middle,112,8a KO,8a KO,0.0
114,late,113,2e THRIVEd,2e THRIVEd,0.0
115,early,114,9h EINA,9h EINA,0.0
116,middle,115,4h PLANTAIN,4h PLANTAIN,0.0
117,late,116,15a DASHING,15a DASHING,0.0
118,early,117,o4 RELOADS,o4 RELOADS,0.0
119,middle,118,1h OBTUND,1h OBTUND,0.0
120,late,119,13h IODISeS,13h IODISeS,0.0
121,early,120,c12 ZIP,c12 ZIP,0.0
122,middle,121,14j JIB,14j JIB,0.0
123,late,122,d4 RETREAT,d4 RETREAT,0.0
124,early,123,9h ENOMOTY,9h ENOMOTY,0.0
125,middle,124,6j YEA,6j YEA,0.0
126,late,125,13i ODIUM,13i ODIUM,0.0
127,early,126,4d MEDaLLIC,4d MEDaLLIC,0.0
128,middle,127,1g QIN,1g QIN,0.0
129,late,128,j10 CYST,j10 CYST,0.0
130,early,129,7b FOWL,7b FOWL,0.0
131,middle,130,d1 JOBE,d1 JOBE,0.0
132,late,131,n10 CARNIE,n10 CARNIE,0.0
133,early,132,13d DOUCEURS,13d DOUCEURS,0.0
134,middle,133,15a COSY,15a COSY,0.0
135,late,134,14j PLAQUE,14j PLAQUE,0.0
136,early,135,7h OF,7h OF,0.0
137,middle,136,4h ZINNIA,4h ZINNIA,0.0
138,late,137,2e JEES,2e JEES,0.0
139,early,138,g1 ARMORING,g1 ARMORING,0.0
140,middle,139,b10 FANUM,b10 FANUM,0.0
141,late,140,b10 OUTJET,b10 OUTJET,0.0
142,early,141,10f HEN,10f HEN,0.0
143,middle,142,6b TREADLER,6b TREADLER,0.0
144,late,143,a1 TWIG,a1 TWIG,0.0
145,early,144,15d WOO,15d WOO,0.0
146,middle,145,3a SCATTIER,3a SCATTIER,0.0
147,late,146,ex DFNNRT,ex DFNNRT,0.0
148,early,147,j6 BRO,j6 BRO,0.0
149,middle,148,c2 PINXIT,c2 PINXIT,0.0
150,late,149,f4 DERP,d2 SPRED,-0.15859890000000654
151,early,150,9g IO,9g IO,0.0
152,middle,151,9j QAT,9j QAT,0.0
153,late,152,o10 SEXIST,o10 SEXIST,0.0
154,early,153,i2 UPhAUDS,i2 UPhAUDS,0.0
155,middle,154,13a LLANO,13a LLANO,0.0
156,late,155,i1 ID,i1 ID,0.0
157,early,156,h8 TIBIA,h8 TIBIA,0.0
158,middle,157,3c FEY,3c FEY,0.0
159,late,158,12h ASPIRANT,12h ASPIRANT,0.0
160,early,159,14b JERID,14b JERID,0.0
161,middle,160,n1 VOLANTE,n1 VOLANTE,0.0
162,late,161,g2 SODA,g2 SODA,0.0
163,early,162,c7 EAU,c7 EAU,0.0
164,middle,163,8a VAX,8a VAX,0.0
165,late,164,14a RANGA,14b ANGA,4.631578499999998
166,early,165,7i GEE,7i GEE,0.0
167,middle,166,15h SNAGGIER,15h SNAGGIER,0.0
168,late,167,d10 IRED,d10 IRED,0.0
169,early,168,g3 VISIONED,g3 VISIONED,0.0
170,middle,169,13f DEEMSTER,13f DEEMSTER,0.0
171,late,170,12a HAERES,12a HAERES,0.0
172,early,171,10j SEE,10j SEE,0.0
173,middle,172,j8 STARKENS,j8 STARKENS,0.0
174,late,173,1c CHEVRONS,1c CHEVRONS,0.0
175,early,174,n8 VALE,n8 VALE,0.0
176,middle,175,a3 FRIGHTeN,a3 FRIGHTeN,0.0
177,late,176,2i YAGI,2i YAGI,0.0
178,early,177,l10 OOH,l10 OOH,0.0
179,middle,178,13c HOUT,13c HOUT,0.0
180,late,179,9c MORAY,9c MORAY,0.0
181,early,180,9b OXY,9b OXY,0.0
182,middle,181,10l GAK,10l GAK,0.0
183,late,182,1g GOOK,1g GOOK,0.0
184,early,183,2b DOWAR,2b DOWAR,0.0
185,middle,184,9f LOOIE,9f LOOIE,0.0
186,late,185,2j YEED,2j YEED,0.0
187,early,186,9b VIE,9b VIE,0.0
188,middle,187,6j QUAI,6j QUAI,0.0
189,late,188,1a DEStREAM,1a DEStREAM,0.0
190,early,189,5e TODS,5e TODS,0.0
191,middle,190,13c CEPS,13c CEPS,0.0
192,late,191,b1 LUXE,b1 LUXE,0.0
193,early,192,9d KLAP,9d KLAP,0.0
194,middle,193,k9 FODDER,k9 FODDER,0.0
195,late,194,d9 AA,d9 AA,0.0
196,early,195,i11 FRUGS,i11 FRUGS,0.0
197,middle,196,3g VIGIL,3g VIGIL,0.0
198,late,197,ex HLMRV,ex HLMRV,0.0
199,early,198,a7 LAPJE,a7 LAPJE,0.0
200,middle,199,g9 VAUNT,3b NAIRU,0.002052899999993585
201,late,200,o1 ACtIVATE,o1 ACtIVATE,0.0
202,early,201,12d AUDIO,12d AUDIO,0.0
203,middle,202,o1 LIpARITE,o1 LIpARITE,0.0
204,late,203,5k AIT,5k AIT,0.0
205,early,204,d11 HALVA,d11 HALVA,0.0
206,middle,205,5e VARMENTS,5e VARMENTS,0.0
207,late,206,1c SLANGY,1c SLANGY,0.0
208,early,207,7c ZAG,7c ZAG,0.0
209,middle,208,a13 HUE,a13 HUE,0.0
210,late,209,6a THORIA,6a THORIA,0.0
211,early,210,o12 HOER,o12 HOER,0.0
212,middle,211,6j WAIRUA,6j WAIRUA,0.0
213,late,212,15g KABELE,15g KABELE,0.0
214,early,213,e7 COILS,e7 COILS,0.0
215,middle,214,6d INTERNAL,6d INTERNAL,0.0
216,late,215,5g ARSHINS,5g ARSHINS,0.0
217,early,216,h12 AJEE,h12 AJEE,0.0
218,middle,217,4d wIDGEONS,4d wIDGEONS,0.0
219,late,218,2f TARDIVE,2f TARDIVE,0.0
220,early,219,j3 GAITT,j3 GAITT,0.0
221,middle,220,b10 OWING,b10 OWING,0.0
222,late,221,k2 HEJRA,k2 HEJRA,0.0
223,early,222,m2 YITIE,m2 YITIE,0.0
224,middle,223,12d REDSTREAK,12d REDSTREAK,0.0
225,late,224,ex BLQ,ex BLQ,0.0
226,early,225,k4 WORsTING,k4 WORsTING,0.0
227,middle,226,g6 FIB,g6 FIB,0.0
228,late,227,3i GUT,3i GUT,0.0
229,early,228,d3 EX,d3 EX,0.0
230,middle,229,8k BODED,8k BODED,0.0
231,late,230,m1 QI,m1 QI,0.0
232,early,231,5d ZAmINDARy,5d ZAmINDARy,0.0
233,middle,232,a14 JA,a14 JA,0.0
234,late,233,b3 NADA,b3 NADA,0.0
235,early,234,i2 SECEDING,i2 SECEDING,0.0
236,middle,235,e10 EEJIT,e10 EEJIT,0.0
237,late,236,m3 OLEO,m3 OLEO,0.0
238,early,237,e7 NOUSELLS,e7 NOUSELLS,0.0
239,middle,238,a1 OBVERT,a1 OBVERT,0.0
240,late,239,2c VUGH,2c VUGH,0.0
241,early,240,n7 LINGERIE,n7 LINGERIE,0.0
242,middle,241,c8 ENARGITE,c8 ENARGITE,0.0
243,late,242,2a DENIABLY,2a DENIABLY,0.0
244,early,243,k2 INCASED,k2 INCASED,0.0
245,middle,244,13b DIVINGS,13b DIVINGS,0.0
246,late,245,13g ENAMELED,13g ENAMELED,0.0
247,early,246,a4 FLAWY,a4 FLAWY,0.0
248,middle,247,h12 JAMB,h12 JAMB,0.0
249,late,248,2e NEOLITH,2e NEOLITH,0.0
250,early,249,j6 QIS,j6 QIS,0.0
251,middle,250,j1 CHOTA,j1 CHOTA,0.0
252,late,251,12h FLUORS,12h FLUORS,0.0
253,early,252,g5 FIGtREES,g5 FIGtREES,0.0
254,middle,253,c11 WON,c11 WON,0.0
255,late,254,h11 RUBAI,h11 RUBAI,0.0
256,early,255,15a FIBERiSE,15a FiBERISE,-0.015396899999997604
257,middle,256,2h COUCHES,2h COUCHES,0.0
258,late,257,13a JAG,13a JAG,0.0
259,early,258,l1 GRAVID,l1 GRAVID,0.0
260,middle,259,3b EM,3b EM,0.0
261,late,260,13f PREBAKED,13f PREBAKED,0.0
262,early,261,j2 VOG,j2 VOG,0.0
263,middle,262,a3 aNLAGES,a3 aNLAGES,0.0
264,late,263,a6 VARVED,a6 VARVED,0.0
265,early,264,f4 GOWFS,f4 GOWFS,0.0
266,middle,265,12f BIFOCAL,12f BIFOCAL,0.0
267,late,266,o8 TROTLINE,o8 TROTLINE,0.0
268,early,267,d1 JAGER,d1 JAGER,0.0
269,middle,268,g2 TWIRE,g2 TWIRE,0.0
270,late,269,12a WORT,12a WORT,0.0
271,early,270,i5 LOWN,i5 LOWN,0.0
272,middle,271,14b EVINCe,14b EVINCe,0.0
273,late,272,i9 QUIRE,i9 QUIRE,0.0
274,early,273,e5 MURINE,e5 MURINE,0.0
275,middle,274,o7 HOVEN,o7 HOVEN,0.0
276,late,275,ex FNTTV,ex FNTTV,0.0
277,early,276,9d GINK,9d GINK,0.0
278,middle,277,3c SHEDLIKE,3c SHEDLIKE,0.0
279,late,278,o8 REGALIST,o8 REGALIST,0.0
280,early,279,7h AX,7h AX,0.0
281,middle,280,11e RATTIEST,11e RATTIEST,0.0
282,late,281,c2 RIG,c2 RIG,0.0
283,early,282,e3 FOOT,e3 FOOT,0.0
284,middle,283,4a WEANLING,4a WEANLING,0.0
285,late,284,15j ANGARY,15j ANGARY,0.0
286,early,285,d1 MAZUT,d1 MAZUT,0.0
287,middle,286,10c GRAD,10c GRAD,0.0
288,late,287,h1 FAKE,h1 FAKE,0.0
289,early,288,9g FAA,9g FAA,0.0
290,middle,289,j12 VOW,j12 VOW,0.0
291,late,290,d12 EDIT,d12 EDIT,0.0
292,early,291,7c LOO,7c LOO,0.0
293,middle,292,f10 GLYPH,f10 GLYPH,0.0
294,late,293,3a ARVO,3a ARVO,0.0
295,early,294,k5 BATTERO,k5 BATTERO,0.0
296,middle,295,11a SONNE,11a SONNE,0.0
297,late,296,4k GO,4k GO,0.0
298,early,297,9f FIE,9f FIE,0.0
299,middle,298,2f SCAVAGER,2f SCAVAGER,0.0
300,late,299,a12 MODI,a12 MODI,0.0
301,early,300,13i YPSILON,13i YPSILON,0.0
302,middle,301,9g MAWR,9g MAWR,0.0
303,late,302,k3 AEROTONE,k3 AEROTONE,0.0
304,early,303,j6 VOEMA,j6 VOEMA,0.0
305,middle,304,j11 NOLL,j11 NOLL,0.0
306,late,305,9b NERDICS,9b NERDICS,0.0
307,early,306,k5 FARL,k5 FARL,0.0
308,middle,307,5c WOW,5c WOW,0.0
309,late,308,l1 WHINED,l1 WHINED,0.0
310,early,309,9k EYE,9k EYE,0.0
311,middle,310,8a HABU,8a HABU,0.0
312,late,311,b5 HANGOVER,b5 HANGOVER,0.0
313,early,312,f7 WIDEOUTS,f7 WIDEOUTS,0.0
314,middle,313,2l ADZ,2l ADZ,0.0
315,late,314,l1 AQUAS,l1 AQUAS,0.0
316,early,315,13b ALIASED,13b ALIASED,0.0
317,middle,316,15f CINEREAS,15f CINEREAS,0.0
318,late,317,b3 NAUTILI,b3 NAUTILI,0.0
319,early,318,7b RANZEL,7b RANZEL,0.0
320,middle,319,l1 WARPED,l1 WARPED,0.0
321,late,320,10h VAKEEL,10h VAKEEL,0.0
322,early,321,9i YA,9i YA,0.0
323,middle,322,2d RAH,2d RAH,0.0
324,late,323,7h MI,7h MI,0.0
325,early,324,7g ADVERTs,7g ADVERTs,0.0
326,middle,325,c3 DATTO,c3 DATTO,0.0
327,late,326,12c JAPED,12c JAPED,0.0
328,early,327,10h PEH,10h PEH,0.0
329,middle,328,11d DRUB,11d DRUB,0.0
330,late,329,j5 SEEPIER,j5 SEEPIER,0.0
331,early,330,12i JEEZ,12i JEEZ,0.0
332,middle,331,4a FUZE,4a FUZE,0.0
333,late,332,3b CELEB,3b CELEB,0.0
334,early,333,f7 OEDIPEAN,f7 OEDIPEAN,0.0
335,middle,334,d12 HAUD,d12 HAUD,0.0
336,late,335,m3 FIGO,m3 FIGO,0.0
337,early,336,2f KANTHA,2f KANTHA,0.0
338,middle,337,e2 VOEMA,e2 VOEMA,0.0
339,late,338,m12 OLD,13l TIL,-0.0012993999999988404
340,early,339,13e eNCODED,13e eNCODED,0.0
341,middle,340,l8 DRUID,l8 DRUID,0.0
342,late,341,c5 TAGETES,c5 TAGETES,0.0
343,early,342,j1 IGNITES,j1 IGNITES,0.0
344,middle,343,l5 VOIP,l5 VOIP,0.0
345,late,344,e7 PINNAL,e7 PINNAL,0.0
346,early,345,i2 NOYADES,i2 NOYADES,0.0
347,middle,346,m8 WiDENER,m8 WiDENER,0.0
348,late,347,3c EEJIT,3c EEJIT,0.0
349,early,348,j6 VATU,j6 VATU,0.0
350,middle,349,3b NITRO,3b NITRO,0.0
351,late,350,8j BLINTZ,8j BLINTZ,0.0
352,early,351,c7 ZARF,c7 ZARF,0.0
353,middle,352,6f HEAVE,6f HEAVE,0.0
354,late,353,o1 SLAdANG,o1 SLAdANG,0.0
355,early,354,j9 AZO,j9 AZO,0.0
356,middle,355,a1 GOOD,a1 GOOD,0.0
357,late,356,13j GNAR,13j GNAR,0.0
358,early,357,c3 AX,c3 AX,0.0
359,middle,358,9g TAXER,9g TAXER,0.0
360,late,359,o1 KORUS,o1 KORUS,0.0
361,early,360,12b BECKING,12b BECKING,0.0
362,middle,361,f8 WAZ,f8 WAZ,0.0
363,late,362,d11 IF,d11 IF,0.0
364,early,363,j4 QUOTH,j4 QUOTH,0.0
365,middle,364,14f JEE,14f JEE,0.0
366,late,365,10b FEESING,10b FEESING,0.0
367,early,366,h4 NaRQUOIS,h4 NaRQUOIS,0.0
368,middle,367,d2 COEMPT,d2 COEMPT,0.0
369,late,368,14b RAJAS,14b RAJAS,0.0
370,early,369,7e QIN,7e QIN,0.0
371,middle,370,k5 FY,k5 FY,0.0
372,late,371,k5 TuBIFEX,k5 TuBIFEX,0.0
373,early,372,h1 MANITO,h1 MANITO,0.0
374,middle,373,3b HEP,3b HEP,0.0
375,late,374,13k WANG,13k WANG,0.0
376,early,375,9h EASINGS,9h EASINGS,0.0
377,middle,376,n1 DIGESTION,n1 DIGESTION,0.0
378,late,377,9k DEEM,5c EMOTE,3.516052799999997
379,early,378,13k AIA,13k AIA,0.0
380,middle,379,a4 MOJO,a4 MOJO,0.0
381,late,380,8l GURL,8l GURL,0.0
382,early,381,11e HADJEES,11e HADJEES,0.0
383,middle,382,9b DEALATE,9b DEALATE,0.0
384,late,383,j2 JAWS,j2 JAWS,0.0
385,early,384,f7 CLEW,f7 CLEW,0.0
386,middle,385,b6 AWE,b6 AWE,0.0
387,late,386,8m CAZ,8m CAZ,0.0
388,early,387,5e GAMBLED,5e GAMBLED,0.0
389,middle,388,12a FOIN,12a FOIN,0.0
390,late,389,4a OWIE,4a OWIE,0.0
391,early,390,h7 TENAILLEs,h7 TENAILLEs,0.0
392,middle,391,1h HATSTAND,1h HATSTAND,0.0
393,late,392,15h EARTHIEr,15h EARTHIEr,0.0
394,early,393,k6 GROUNDEN,k6 GROUNDEN,0.0
395,middle,394,8l PIAN,8l PIAN,0.0
396,late,395,b12 ROJI,f12 ROJI,0.1777801
397,early,396,14b DOLTS,14b DOLTS,0.0
398,middle,397,l4 AMIDASE,l4 AMIDASE,0.0
399,late,398,14h LITERALS,14h LITERALS,0.0
400,early,399,9e COLONI,9e COLONI,0.0
401,middle,400,h11 THEIC,h11 THEIC,0.0
402,late,401,n6 KIP,n6 KIP,0.0
403,early,402,i3 BUOY,i3 BUOY,0.0
404,middle,403,l1 VAPE,l1 VAPE,0.0
405,late,404,8l GOBI,8l GOBI,0.0
406,early,405,j4 WUZ,j4 WUZ,0.0
407,middle,406,h10 CODEIA,h10 CODEIA,0.0
408,late,407,15l WOST,15l WOST,0.0
409,early,408,h5 PHENiXES,h5 PHENiXES,0.0
410,middle,409,1a ATHENEUM,1a ATHENEUM,0.0
411,late,410,14i PANTILE,14i PANTILE,0.0
412,early,411,7e ULU,7e ULU,0.0
413,middle,412,l1 GRAV,l1 GRAV,0.0
414,late,413,13c TOXIN,13c TOXIN,0.0
415,early,414,6f QAT,6f QAT,0.0
416,middle,415,d1 OBIA,d1 OBIA,0.0
417,late,416,14h DENTARIA,14h DENTARIA,0.0
418,early,417,g7 FRUG,f1 GUP,-0.42706750000000016
419,middle,418,a10 WIFEY,a10 WIFEY,0.0
420,late,419,k10 OVINE,k10 OVINE,0.0
421,early,420,14c DYINGlY,14c DYINGlY,0.0
422,middle,421,k5 ENCRUSt,k5 ENCRUSt,0.0
423,late,422,k2 DERRO,k2 DERRO,0.0
424,early,423,i3 GODSEND,i3 GODSEND,0.0
425,middle,424,m2 TOEY,m2 TOEY,0.0
426,late,425,14j HOOVE,14j HOOVE,0.0
427,early,426,j2 WAIVERS,j2 WAIVERS,0.0
428,middle,427,4h YRIVD,4h YRIVD,0.0
429,late,428,15f PURANA,15f PURANA,0.0
430,early,429,o5 DOLOUR,o5 DOLOUR,0.0
431,middle,430,j3 STONN,j3 STONN,0.0
432,late,431,k3 ORC,k3 ORC,0.0
433,early,432,5j OILERY,5j OILERY,0.0
434,middle,433,e9 MoNKERY,e9 MoNKERY,0.0
435,late,434,ex GJLLN,ex GJLLN,0.0
436,early,435,h7 FOG,h7 FOG,0.0
437,middle,436,f3 LEAF,f3 LEAF,0.0
438,late,437,o7 AUA,o7 AUA,0.0
439,early,438,a13 EAU,a13 EAU,0.0
440,middle,439,11j AIRN,11j AIRN,0.0
441,late,440,14c LuLZ,14c LuLZ,0.0
442,early,441,d1 DEPRIVAL,d1 DEPRIVAL,0.0
443,middle,442,14h EVECTION,14h EVECTION,0.0
444,late,443,a9 LIGNUM,a9 LIGNUM,0.0
445,early,444,1b PROVIANT,1b PROVIANT,0.0
446,middle,445,j4 RAKI,j4 RAKI,0.0
447,late,446,1l DOWL,1l DOWL,0.0
448,early,447,h6 OUTREIGN,h6 OUTREIGN,0.0
449,middle,448,k7 MIsDRIVE,k7 MIsDRIVE,0.0
450,late,449,3a caVEMAN,3a caVEMAN,0.0
451,early,450,g3 ROO,g3 ROO,0.0
452,middle,451,14j HIE,14j HIE,0.0
453,late,452,10g FLAXY,10g FLAXY,0.0
454,early,453,9m WO,9m WO,0.0
455,middle,454,12a CATE,12a CATE,0.0
456,late,455,13g QIN,13g QIN,0.0
457,early,456,7f GALE,7f GALE,0.0
458,middle,457,9h HIDABLE,9h HIDABLE,0.0
459,late,458,o7 HEARSES,o7 HEARSES,0.0
460,early,459,j5 AJEE,j5 AJEE,0.0
461,middle,460,c12 AGUE,c12 AGUE,0.0
462,late,461,14b FREAKING,14b FREAKING,0.0
463,early,462,15i SOKEMEN,15i SOKEMEN,0.0
464,middle,463,h11 AGOOD,h11 AGOOD,0.0
465,late,464,j10 FIE,j10 FIE,0.0
466,early,465,d9 OUTlAID,d9 OUTlAID,0.0
467,middle,466,6f ROQUE,6f ROQUE,0.0
468,late,467,m8 TINAJA,m8 TINAJA,0.0
469,early,468,3f ITEMIZERS,3f ITEMIZERS,0.0
470,middle,469,d12 EAVE,d12 EAVE,0.0
471,late,470,8k HOE,l3 OH,-6.520000000000744e-05
472,early,471,j6 JOIN,j6 JOIN,0.0
473,middle,472,d11 APAYD,d11 APAYD,0.0
474,late,473,1h NIXED,1h NIXED,0.0
475,early,474,10h GOV,10h GOV,0.0
476,middle,475,j11 GRIZ,j11 GRIZ,0.0
477,late,476,l4 FLATWIsE,l4 FLATWIsE,0.0
478,early,477,13g BLUECOAT,13g BLUECOAT,0.0
479,middle,478,d1 QANAT,d1 QANAT,0.0
480,late,479,2e PASTERN,2e PASTERN,0.0
481,early,480,j6 FOGGY,j6 FOGGY,0.0
482,middle,481,11e MArQUISE,11e MArQUISE,0.0
483,late,482,15a SUbPARTS,15a SUbPARTS,0.0
484,early,483,j8 ROJAK,j8 ROJAK,0.0
485,middle,484,13b FAINE,13b FAINE,0.0
486,late,485,b9 GREISeN,b9 GREISeN,0.0
487,early,486,k4 INFRA,k4 INFRA,0.0
488,middle,487,15g TRYP,15g TRYP,0.0
489,late,488,d1 YULE,d1 YULE,0.0
490,early,489,j7 DELE,j7 DELE,0.0
491,middle,490,k8 DINDLES,k8 DINDLES,0.0
492,late,491,d4 cHELATOR,d4 cHELATOR,0.0
493,early,492,h3 KNEW,h3 KNEW,0.0
494,middle,493,k5 BIRSLED,k5 BIRSLED,0.0
495,late,494,8j DOWLNE,8j DOWLNE,0.0
496,early,495,10g YAGIS,10g YAGIS,0.0
497,middle,496,e4 FRATI,m12 FOR,0.09040229999999995
498,late,497,8l JADE,8l JADE,0.0
499,early,498,6f WHARF,6f WHARF,0.0
500,middle,499,g2 OXEN,g2 OXEN,0.0
501,late,500,1k WHIRL,1k WHIRL,0.0
502,early,501,3a DOLOURS,3a DOLOURS,0.0
503,middle,502,9g DIXY,9g DIXY,0.0
504,late,503,9c PIG,9c PIG,0.0
505,early,504,10b PAW,10b PAW,0.0
506,middle,505,14h GOBbLER,14h GOBbLER,0.0
507,late,506,5c POSH,5c POSH,0.0
508,early,507,c10 BURD,c10 BURD,0.0
509,middle,508,a6 DIBBS,a6 DIBBS,0.0
510,late,509,3a LEV,3a LEV,0.0
511,early,510,i5 CAGILY,i5 CAGILY,0.0
512,middle,511,b8 LIFT,b8 LIFT,0.0
513,late,512,2b FRITURE,2b FRITURE,0.0
514,early,513,3f BELOVeDS,3f BELOVeDS,0.0
515,middle,514,2g INTRANET,2g INTRANET,0.0
516,late,515,15l FLEY,15l FLEY,0.0
517,early,516,14d WYND,14d WYND,0.0
518,middle,517,e2 WIVING,e2 WIVING,0.0
519,late,518,12b UNFORBID,12b UNFORBID,0.0
520,early,519,m3 SAGOUINS,m3 SAGOUINS,0.0
521,middle,520,14c SPITTER,14c SPITTER,0.0
522,late,521,a12 CIRE,1h HELIX,-0.12881790000000004
523,early,522,7e NORMAL,7e NORMAL,0.0
524,middle,523,k9 KAF,k9 KAF,0.0
525,late,524,2a AERODYNE,2a AERODYNE,0.0
526,early,525,8a BATH,8a BATH,0.0
527,middle,526,11b RONDELET,11b RONDELET,0.0
528,late,527,9c FE,9c FE,0.0
529,early,528,f7 LEVY,f7 LEVY,0.0
530,middle,529,14a VALKYRIE,14a VALKYRIE,0.0
531,late,530,c11 MENGE,c11 MENGE,0.0
532,early,531,7i ANTIENT,7i ANTIENT,0.0
533,middle,532,7h APAREJO,7h APAREJO,0.0
534,late,533,1a PHAT,1a PHAT,0.0
535,early,534,l3 XED,l3 XED,0.0
536,middle,535,13k MAKI,13k MAKI,0.0
537,late,536,d10 RETILE,d10 RETILE,0.0
538,early,537,i7 NAE,i7 NAE,0.0
539,middle,538,15g GUIZER,15g GUIZER,0.0
540,late,539,8l HEMP,8l HEMP,0.0
541,early,540,15d HELPS,15d HELPS,0.0
542,middle,541,8l GONE,8l GONE,0.0
543,late,542,b7 AKINETIC,b7 AKINETIC,0.0
544,early,543,9c WANLY,9c WANLY,0.0
545,middle,544,12c IRIDIC,12c IRIDIC,0.0
546,late,545,f6 SCRUB,f6 SCRUB,0.0
547,early,546,10b pUERPERA,10b pUERPERA,0.0
548,middle,547,9a TUX,9a TUX,0.0
549,late,548,j6 JAW,j6 JAW,0.0
550,early,549,14b RAX,14b RAX,0.0
551,middle,550,f4 OERSTEDS,f4 OERSTEDS,0.0
552,late,551,15c CHEVRE,15c CHEVRE,0.0
553,early,552,4a JAUNT,4a JAUNT,0.0
554,middle,553,n6 FAWN,n6 FAWN,0.0
555,late,554,k9 SUQ,k9 SUQ,0.0
556,early,555,9d GOD,9d GOD,0.0
557,middle,556,n11 WICE,n11 WICE,0.0
558,late,557,8k DEBAG,8k DEBAG,0.0
559,early,558,k7 CULTY,k7 CULTY,0.0
560,middle,559,ex IOPPUUV,ex IOPPUUV,0.0
561,late,560,7h NAEVOID,7h NAEVOID,0.0
562,early,561,j2 ENROOTS,j2 ENROOTS,0.0
563,middle,562,8l JURY,8l JURY,0.0
564,late,563,15a FIVER,15a FIVER,0.0
565,early,564,i7 LOWN,i7 LOWN,0.0
566,middle,565,4i MULLENS,4i MULLENS,0.0
567,late,566,3b QUEBEC,3b QUEBEC,0.0
568,early,567,f10 YUG,f10 YUG,0.0
569,middle,568,11h FOGY,11h FOGY,0.0
570,late,569,n4 SOVRaNLY,n4 SOVRaNLY,0.0
571,early,570,9f MY,9f MY,0.0
572,middle,571,7h FALTERS,7h FALTERS,0.0
573,late,572,o6 TUPEK,o6 TUPEK,0.0
574,early,573,f6 FOUTH,f6 FOUTH,0.0
575,middle,574,m8 ALEATOrY,m8 ALEATOrY,0.0
576,late,575,15f DITZ,15f DITZ,0.0
577,early,576,1e VOIDEE,1e VOIDEE,0.0
578,middle,577,g1 WUZ,g1 WUZ,0.0
579,late,578,13c VEG,13c VEG,0.0
580,early,579,7f XI,7f XI,0.0
581,middle,580,k10 PAISE,k10 PAISE,0.0
582,late,581,14d REELECT,14d REELECT,0.0
583,early,582,13b OUTDRESS,13b OUTDRESS,0.0
584,middle,583,2k GENU,2k GENU,0.0
585,late,584,h11 AMINS,h11 AMINS,0.0
586,early,585,g1 RENDANG,g1 RENDANG,0.0
587,middle,586,h11 ALGUM,h11 ALGUM,0.0
588,late,587,a10 NOOGIE,a10 NOOGIE,0.0
589,early,588,3g GYNOECIA,3g GYNOECIA,0.0
590,middle,589,l2 GLIB,l2 GLIB,0.0
591,late,590,k9 MEU,k9 MEU,0.0
592,early,591,f6 BALISTAS,f6 BALISTAS,0.0
593,middle,592,5c ZAX,5c ZAX,0.0
594,late,593,b7 TINFUL,b7 TINFUL,0.0
595,early,594,e7 VARIX,e7 VARIX,0.0
596,middle,595,a1 AGIO,a1 AGIO,0.0
597,late,596,d1 DURRA,d1 DURRA,0.0
598,early,597,7c BONG,7c BONG,0.0
599,middle,598,3m QI,3m QI,0.0
600,late,599,5a KUVASZ,5a KUVASZ,0.0
601,early,600,f10 XI,f10 XI,0.0
602,middle,601,6c RUSTRED,6c RUSTRED,0.0
603,late,602,8l ONER,8l ONER,0.0
604,early,603,m2 SEICENTO,m2 SEICENTO,0.0
605,middle,604,1h DATIVELY,1h DATIVELY,0.0
606,late,605,n2 CALLEES,n2 CALLEES,0.0
607,early,606,7g UN,7g UN,0.0
608,middle,607,n2 NIX,n2 NIX,0.0
609,late,608,n10 ALOO,n10 ANOLE,3.493132700000001
610,early,609,h8 SETENANT,h8 SETENANT,0.0
611,middle,610,h7 SEMIMICRO,h7 SEMIMICRO,0.0
612,late,611,c5 DIVS,c5 DIVS,0.0
613,early,612,12a FLAW,12a FLAW,0.0
614,middle,613,3k YAH,3k YAH,0.0
615,late,614,o1 KEYNOTER,o1 KEYNOTER,0.0
616,early,615,9e TAY,9e TAY,0.0
617,middle,616,6g ALIF,6g ALIF,0.0
618,late,617,m12 GAU,m12 GAU,0.0
619,early,618,m7 DIV,m7 DIV,0.0
620,middle,619,13a VUG,13a VUG,0.0
621,late,620,n5 LOGICIAN,n5 LOGICIAN,0.0
622,early,621,k3 RONDURE,k3 RONDURE,0.0
623,middle,622,2j TWIRP,2j TWIRP,0.0
624,late,623,14a ADIOS,14a ADIOS,0.0
625,early,624,h10 REGROW,h10 REGROW,0.0
626,middle,625,a13 WIZ,a13 WIZ,0.0
627,late,626,d11 VUGH,d11 VUGH,0.0
628,early,627,2i TOQUE,2i TOQUE,0.0
629,middle,628,e6 DUOPSONY,e6 DUOPSONY,0.0
630,late,629,k5 GROSErT,k5 GROSErT,0.0
631,early,630,i7 BROSIEST,i7 BROSIEST,0.0
632,middle,631,15l NESH,15l NESH,0.0
633,late,632,8k OOSE,8k OOSE,0.0
634,early,633,12a QUAIR,12a QUAIR,0.0
635,middle,634,j1 RAG,o4 MARGARiC,2.0714352999999965
636,late,635,8j PIKUL,8j PIKUL,0.0
637,early,636,e3 VENEFIC,e3 VENEFIC,0.0
638,middle,637,2h LIVELOOd,2h LIVELOOd,0.0
639,late,638,d1 PIERAGE,d1 PIERAGE,0.0
640,early,639,d1 CUVEE,d1 CUVEE,0.0
641,middle,640,14j YAUP,14j YAUP,0.0
642,late,641,15h QUIRT,15h QUIRT,0.0
643,early,642,7l OLEO,7l OLEO,0.0
644,middle,643,10a CHEDERS,10a CHEDERS,0.0
645,late,644,a7 JEUX,a7 JEUX,0.0
646,early,645,f5 PORTIGUE,f5 PORTIGUE,0.0
647,middle,646,6b VAV,6b VAV,0.0
648,late,647,n10 GELDED,n10 GELDED,0.0
649,early,648,5d ADROITER,5d ADROITER,0.0
650,middle,649,11a TAINTEd,11a TAINTEd,0.0
651,late,650,o8 ZEP,o8 ZEP,0.0
652,early,651,9c MAWR,9c MAWR,0.0
653,middle,652,l3 PReNTED,l3 PReNTED,0.0
654,late,653,h12 JILT,h12 JILT,0.0
655,early,654,l5 SOMATIST,l5 SOMATIST,0.0
656,middle,655,3a GAWK,3a GAWK,0.0
657,late,656,12d REFECTORIAN,12d REFECTORIAN,0.0
658,early,657,l1 BIGOT,l1 BIGOT,0.0
659,middle,658,15h LAYUP,15h LAYUP,0.0
660,late,659,o5 BYLANDER,o5 BYLANDER,0.0
661,early,660,c3 YAUP,c3 YAUP,0.0
662,middle,661,8k OWRIE,8k OWRIE,0.0
663,late,662,13a WEBERS,13a WEBERS,0.0
664,early,663,a8 NYED,a8 NYED,0.0
665,middle,664,1k NOOIT,1k NOOIT,0.0
666,late,665,13k MAX,13k MAX,0.0
667,early,666,14f OILILY,14f OILILY,0.0
668,middle,667,4k GJU,4k GJU,0.0
669,late,668,n9 FORINTS,n9 FORINTS,0.0
670,early,669,f6 QUEP,f6 QUEP,0.0
671,middle,670,10j POI,10j POI,0.0
672,late,671,11e AERATION,11e AERATION,0.0
673,early,672,8a PEAG,8a PEAG,0.0
674,middle,673,a11 QEEMA,a11 QEEMA,0.0
675,late,674,o4 WRING,o4 WRING,0.0
676,early,675,o5 CALEFY,o5 CALEFY,0.0
677,middle,676,ex FGLV,ex FGLV,0.0
678,late,677,3a COB,3a COB,0.0
679,early,678,f6 QADI,f6 QADI,0.0
680,middle,679,e10 BALD,e10 BALD,0.0
681,late,680,9c QIS,9c QIS,0.0
682,early,681,9c JOR,9c JOR,0.0
683,middle,682,a6 FOOTAGE,a6 FOOTAGE,0.0
684,late,683,d4 GENU,d4 GENU,0.0
685,early,684,l1 WILY,l1 WILY,0.0
686,middle,685,11e COEdITOR,11e COEdITOR,0.0
687,late,686,a1 NOVATE,a1 NOVATE,0.0
688,early,687,ex AAEIO,ex AAEIO,0.0
689,middle,688,j4 PAV,j4 PAV,0.0
690,late,689,14j KONINI,14j KONINI,0.0
691,early,690,12c INNAGES,12c INNAGES,0.0
692,middle,691,12k AFOOT,12k AFOOT,0.0
693,late,692,15h ECONOmIC,15h ECONOmIC,0.0
694,early,693,k3 DEVIlRY,k3 DEVIlRY,0.0
695,middle,694,12a VITAS,12a VITAS,0.0
696,late,695,2b PINEY,2b PINEY,0.0
697,early,696,7c WOAD,7c WOAD,0.0
698,middle,697,f1 RHIPIdION,f1 RHIPIdION,0.0
699,late,698,10f YOOF,10f YOOF,0.0
700,early,699,7g MECK,7g MECK,0.0
701,middle,700,c8 RIBWORK,c8 RIBWORK,0.0
702,late,701,14f ENLISTS,14f ENLISTS,0.0
703,early,702,f2 BANAK,f2 BANAK,0.0
704,middle,703,11a GLIADINS,11a GLIADINS,0.0
705,late,704,l1 TWAY,l1 TWAY,0.0
706,early,705,k7 BAFTS,k7 BAFTS,0.0
707,middle,706,9g NOILY,9g NOILY,0.0
708,late,707,13a LEGATED,13a LEGATED,0.0
709,early,708,e8 UNKEND,e8 UNKEND,0.0
710,middle,709,l7 VAUNT,l7 VAUNT,0.0
711,late,710,n2 SEALINE,n2 SEALINE,0.0
712,early,711,i4 FIND,i4 FIND,0.0
713,middle,712,g4 LUETIC,g4 LUETIC,0.0
714,late,713,ex IIIIT,ex IIIIT,0.0
715,early,714,12c TESTATOR,12c TESTATOR,0.0
716,middle,715,k8 EpEEIST,k8 EpEEIST,0.0
717,late,716,d10 KED,d10 KED,0.0
718,early,717,h10 RIFLIP,h10 RIFLIP,0.0
719,middle,718,10b CALPA,10b CALPA,0.0
720,late,719,10a UTTER,14a RUTIN,-0.4778115999999999
721,early,720,15f RITZ,15f RITZ,0.0
722,middle,721,5e VROUW,5e VROUW,0.0
723,late,722,9h RUMPLED,9h RUMPLED,0.0
724,early,723,h11 TAUON,h11 TAUON,0.0
725,middle,724,l8 ONION,l8 ONION,0.0
726,late,725,1c FOU,1c FOU,0.0
727,early,726,7e HUE,7e HUE,0.0
728,middle,727,j4 ZONK,j4 ZONK,0.0
729,late,728,3k LURID,3k LURID,0.0
730,early,729,15a JAVELiNED,15a JAVELiNED,0.0
731,middle,730,4b GLIFT,4b GLIFT,0.0
732,late,731,m1 GELLANTS,m1 GELLANTS,0.0
733,early,732,12d WHIO,12d WHIO,0.0
734,middle,733,b8 VAW,b8 VAW,0.0
735,late,734,o7 DEVIaNT,o7 DEVIaNT,0.0
736,early,735,e2 VILLI,e2 VILLI,0.0
737,middle,736,j2 NAILERS,j2 NAILERS,0.0
738,late,737,3h FOUTRE,4b FLOUTER,-0.18455049999999998
739,early,738,8m FOE,8m FOE,0.0
740,middle,739,k5 HEMATINE,k5 HEMATINE,0.0
741,late,740,1j UNFREE,1j UNFREE,0.0
742,early,741,h1 OVARIOlE,h1 OVARIOlE,0.0
743,middle,742,3h EVINCED,3h EVINCED,0.0
744,late,743,13g LEY,13g LEY,0.0
745,early,744,h4 DOGBOLTS,h4 DOGBOLTS,0.0
746,middle,745,o8 FAM,o8 FAM,0.0
747,late,746,10h LIMN,10h LIMN,0.0
748,early,747,g8 MAROONED,g8 MAROONED,0.0
749,middle,748,a12 VAIR,a12 VAIR,0.0
750,late,749,a1 COQUET,a1 COQUET,0.0
751,early,750,9f ILEX,9f ILEX,0.0
752,middle,751,a8 DAUBY,a8 DAUBY,0.0
753,late,752,n2 ROTCHE,n2 ROTCHE,0.0
754,early,753,h8 iMBODIES,h8 iMBODIES,0.0
755,middle,754,15g MEtRONOME,15g MEtRONOME,0.0
756,late,755,3g WOOMERA,3g WOOMERA,0.0
757,early,756,10j YUGA,10j YUGA,0.0
758,middle,757,15a LAVABO,15a LAVABO,0.0
759,late,758,12h RESPITED,12h RESPITED,0.0
760,early,759,4c JOVIAL,4c JOVIAL,0.0
761,middle,760,14b MALAM,14b MALAM,0.0
762,late,761,m9 CANTREF,m9 CANTREF,0.0
763,early,762,12c DUSTRAG,12c DUSTRAG,0.0
764,middle,763,o11 SKITS,o11 SKITS,0.0
765,late,764,13l TAKE,13l TAKE,0.0
766,early,765,9c HARDY,9c HARDY,0.0
767,middle,766,5e ACCREDIT,5e ACCREDIT,0.0
768,late,767,a11 AITCH,a11 AITCH,0.0
769,early,768,d6 ACHINESS,d6 ACHINESS,0.0
770,middle,769,o7 OX,o7 OX,0.0
771,late,770,13l AGIO,13l AGIO,0.0
772,early,771,a1 PHIZ,a1 PHIZ,0.0
773,middle,772,11a GONNA,11a GONNA,0.0
774,late,773,13h OBO,13h OBO,0.0
775,early,774,3f EXO,3f EX,-0.37182949999999826
776,middle,775,4d BITTIEST,4d BITTIEST,0.0
777,late,776,a1 NOVA,a1 NOVA,0.0
778,early,777,2i FAUCET,2i FAUCET,0.0
779,middle,778,2l EUOI,2l EUOI,0.0
780,late,779,13a ZYGAL,13a ZYGAL,0.0
781,early,780,h8 TROtTOiR,h8 TROtTOiR,0.0
782,middle,781,o7 POTHERED,o7 POTHERED,0.0
783,late,782,3c MOWA,3c MOWA,0.0
784,early,783,15b AVERSION,15b AVERSION,0.0
785,middle,784,j6 ZAIRE,j6 ZAIRE,0.0
786,late,785,e3 BEIN,e3 BEIN,0.0
787,early,786,8l FROM,8l FROM,0.0
788,middle,787,12l VRIL,12l VRIL,0.0
789,late,788,c9 PAIN,c9 PAIN,0.0
790,early,789,f6 JOE,f6 JOE,0.0
791,middle,790,o1 RIOJA,o1 RIOJA,0.0
792,late,791,d1 THOWL,d1 THOWL,0.0
793,early,792,h8 SAVOURER,h8 SAVOURER,0.0
794,middle,793,1f CAMOODI,1f CAMOODI,0.0
795,late,794,l8 TEPAS,c9 DOTE,7.267898599999997
796,early,795,l8 GOlIARDY,l8 GOlIARDY,0.0
797,middle,796,15h MYXOS,15h MYXOS,0.0
798,late,797,13a GEEP,13a GEEP,0.0
799,early,798,7g PHT,7g PHT,0.0
800,middle,799,8c EL,8c EL,0.0
801,late,800,h10 AROHA,h10 AROHAS,0.1327862
802,early,801,h8 ESURIENT,h8 ESURIENT,0.0
803,middle,802,n3 EROTETIC,n3 EROTETIC,0.0
804,late,803,1a BOOAI,1a BOOAI,0.0
805,early,804,o1 JONG,o1 JONG,0.0
806,middle,805,c2 NURAGHI,c2 NURAGHI,0.0
807,late,806,13a RIB,13a RIB,0.0
808,early,807,4e AXONEMAL,4e AXONEMAL,0.0
809,middle,808,o1 UNWED,o1 UNWED,0.0
810,late,809,15l WOOD,15l WOOD,0.0
811,early,810,e3 LUNY,e3 LUNY,0.0
812,middle,811,14b BOXTY,14b BOXTY,0.0
813,late,812,h12 ZERO,h12 ZERO,0.0
814,early,813,o4 DOZEN,o4 DOZEN,0.0
815,middle,814,2f FROTH,2f FROTH,0.0
816,late,815,6b KLIEG,6b KLIEG,0.0
817,early,816,1m JOW,1m JOW,0.0
818,middle,817,k3 QIS,k3 QIS,0.0
819,late,818,a8 BAROSAUR,a8 BAROSAUR,0.0
820,early,819,e1 FRAPE,e1 FRAPE,0.0
821,middle,820,9f RIDE,9f RIDE,0.0
822,late,821,k3 JOR,k3 JOR,0.0
823,early,822,d1 CAROLING,d1 CAROLING,0.0
824,middle,823,n2 SHINTIED,n2 SHINTIED,0.0
825,late,824,m3 NITID,m3 NITID,0.0
826,early,825,13i GARTH,13i GARTH,0.0
827,middle,826,6f ZA,6f ZA,0.0
828,late,827,a11 ALLOW,a11 ALLOW,0.0
829,early,828,k4 LaTERIZE,k4 LaTERIZE,0.0
830,middle,829,h12 OLEO,h12 OLEO,0.0
831,late,830,1h JALOUSED,1h JALOUSED,0.0
832,early,831,k10 INDY,k10 INDY,0.0
833,middle,832,9h MEAL,h1 EXES,-0.13781039999999356
834,late,833,15h NEIGHBOR,15h NEIGHBOR,0.0
835,early,834,9e AXE,9e AXE,0.0
836,middle,835,c7 ENCREASE,c7 ENCREASE,0.0
837,late,836,6a ADMIN,k3 DAVIT,4.628631199999999
838,early,837,k6 TROChEE,k6 TROChEE,0.0
839,middle,838,4j DORB,4j DORB,0.0
840,late,839,f5 ID,f3 LOID,-0.11964979999999903
841,early,840,7i WOW,7i WOW,0.0
842,middle,841,n1 CURAGH,n1 CURAGH,0.0
843,late,842,c3 TOMO,c3 TOMO,0.0
844,early,843,6f HIM,6f HIM,0.0
845,middle,844,2f UVA,2f UVA,0.0
846,late,845,o9 TOyLAND,o9 TOyLAND,0.0
847,early,846,10f FOUTH,10f FOUTH,0.0
848,middle,847,h12 WINN,h12 WINN,0.0
849,late,848,3a DRInKINg,3a DRInKINg,0.0
850,early,849,7c FEG,7c FEG,0.0
851,middle,850,5b ULAN,5b ULAN,0.0
852,late,851,14b OW,14b OW,0.0
853,early,852,i6 DANDLING,i6 DANDLING,0.0
854,middle,853,12l ZO,12l ZO,0.0
855,late,854,k4 mOINEAUS,k4 mOINEAUS,0.0
856,early,855,c1 VIAE,c1 VIAE,0.0
857,middle,856,4j BIO,4j BIO,0.0
858,late,857,c6 ICER,c5 CINE,0.6649570999999965
859,early,858,k9 FAR,k9 FAR,0.0
860,middle,859,12l HE,12l HE,0.0
861,late,860,10a OPE,10a OPE,0.0
862,early,861,j4 GOWD,j4 GOWD,0.0
863,middle,862,5j TWIRP,5j TWIRP,0.0
864,late,863,11f REQUIT,11f REQUIT,0.0
865,early,864,g13 WAE,g13 WAE,0.0
866,middle,865,a6 cOACHED,a6 cOACHED,0.0
867,late,866,n8 RIF,n8 RIF,0.0
868,early,867,i9 WErT,i9 WErT,0.0
869,middle,868,j12 HAJ,j12 HAJ,0.0
870,late,869,12l NOIL,3d LENItION,3.418355699999999
871,early,870,5d HERmITRY,5d HERmITRY,0.0
872,middle,871,b10 OCEAN,b10 OCEAN,0.0
873,late,872,l8 HIJRA,l8 HIJRA,0.0
874,early,873,5a BUCKS,5a BUCKS,0.0
875,middle,874,1e PRISTANE,1e PRISTANE,0.0
876,late,875,5g UNCUTE,5g UNCUTE,0.0
877,early,876,12j QIN,12j QIN,0.0
878,middle,877,2g PROMISED,2g PROMISED,0.0
879,late,878,15a ORIENTEER,15a ORIENTEER,0.0
880,early,879,6d FEW,6d FEW,0.0
881,middle,880,2k KI,2k KI,0.0
882,late,881,15l MIRY,15l MIRY,0.0
883,early,882,e5 FINJAN,e5 FINJAN,0.0
884,middle,883,n1 GEStAPo,n1 GEStAPo,0.0
885,late,884,a6 ACK,a6 ACK,0.0
886,early,885,f7 QI,f7 QI,0.0
887,middle,886,a12 FADY,a12 FADY,0.0
888,late,887,o7 GAM,o7 GAM,0.0
889,early,888,l10 OO,l10 OO,0.0
890,middle,889,k1 TADDIE,k1 TADDIE,0.0
891,late,890,4l AHA,4l AHA,0.0
892,early,891,10g MERINGS,10g MERINGS,0.0
893,middle,892,2j CHELP,2j CHELP,0.0
894,late,893,9g PUTS,9g PUTS,0.0
895,early,894,4a TRANQ,4a TRANQ,0.0
896,middle,895,15a ADORNERs,15a ADORNERs,0.0
897,late,896,j3 TURF,j3 TURF,0.0
898,early,897,c7 QOPH,c7 QOPH,0.0
899,middle,898,m10 NOON,m11 OON,-0.07761049999999159
900,late,899,15h BURIES,15h BURIES,0.0
901,early,900,7a SOZ,7a SOZ,0.0
902,middle,901,h10 CORYZA,h10 CORYZA,0.0
903,late,902,14j HAE,14j HAE,0.0
904,early,903,8l OXES,8l OXES,0.0
905,middle,904,13g QIN,13g QIN,0.0
906,late,905,g13 GI,g13 GI,0.0
907,early,906,11e PITHEAD,11e PITHEAD,0.0
908,middle,907,k1 KURVEY,k1 KURVEY,0.0
909,late,908,3a ONY,3a ONY,0.0
910,early,909,f8 VAX,f8 VAX,0.0
911,middle,910,m9 WIRER,m9 WIRER,0.0
912,late,911,14j OURIE,14j OURIE,0.0
913,early,912,f7 QUEY,f7 QUEY,0.0
914,middle,913,6f CEES,6f CEES,0.0
915,late,914,12b DOGVANE,12b DOGVANE,0.0
916,early,915,8a FEE,8a FEE,0.0
917,middle,916,15l KYNE,15l KYNE,0.0
918,late,917,d7 ULAN,d7 ULAN,0.0
919,early,918,6j ZEIN,6j ZEIN,0.0
920,middle,919,g1 DEB,g1 DEB,0.0
921,late,920,l8 WASTRIFE,l8 WASTRIFE,0.0
922,early,921,h8 ENcRINAL,h8 ENcRINAL,0.0
923,middle,922,l10 TWP,l10 TWP,0.0
924,late,923,ex IIIQ,ex IIIQ,0.0
925,early,924,b13 WAD,b13 WAD,0.0
926,middle,925,b8 EURO,b8 EURO,0.0
927,late,926,15g REJOiN,15g REJOiN,0.0
928,early,927,7h ZAP,7h ZAP,0.0
929,middle,928,12f ADORABLY,12f ADORABLY,0.0
930,late,929,a8 VIaND,a8 VIaND,0.0
931,early,930,d10 JUMBLE,d10 JUMBLE,0.0
932,middle,931,n2 HUTTING,n2 HUTTING,0.0
933,late,932,o1 JO,o1 JO,0.0
934,early,933,12i DRANT,12i DRANT,0.0
935,middle,934,13g MEGA,13g MEGA,0.0
936,late,935,15f JOY,15f JOY,0.0
937,early,936,o7 TAMPinG,o7 TAMPinG,0.0
938,middle,937,o5 FRANKERS,o5 FRANKERS,0.0
939,late,938,4l KIRN,n10 QuIRKS,4.762579
940,early,939,14b ZA,14b ZA,0.0
941,middle,940,2h SPITEFUL,2h SPITEFUL,0.0
942,late,941,15a EW,15a EW,0.0
943,early,942,6d NEK,6d NEK,0.0
944,middle,943,6f WANEY,6f WANEY,0.0
945,late,944,10b AdRENAL,10b AdRENAL,0.0
946,early,945,f4 CWM,f4 CWM,0.0
947,middle,946,j3 UVEA,j3 UVEA,0.0
948,late,947,n10 ZOA,n10 ZOA,0.0
949,early,948,h6 OUPA,h6 OUPA,0.0
950,middle,949,a10 MIKRON,a10 MIKRON,0.0
951,late,950,2a LERE,2a LERE,0.0
952,early,951,f8 AVO,f8 AVO,0.0
953,middle,952,o10 TROTYL,o10 TROTYL,0.0
954,late,953,g5 DEV,g5 DEV,0.0
955,early,954,8k DIGIT,8k DIGIT,0.0
956,middle,955,l1 SLUTTERY,l1 SLUTTERY,0.0
957,late,956,o12 BAFT,o12 BAFT,0.0
958,early,957,k4 CRIMINAL,k4 CRIMINAL,0.0
959,middle,958,h11 GLIB,13g BIG,1.2440118
960,late,959,o4 GAMED,o4 GAMED,0.0
961,early,960,4d LANDSIDE,4d LANDSIDE,0.0
962,middle,961,6i WORLDIE,6i WORLDIE,0.0
963,late,962,o11 BRANK,o11 BRANK,0.0
964,early,963,15g PAV,15g PAV,0.0
965,middle,964,d4 BOUNCiER,d4 BOUNCiER,0.0
966,late,965,i1 AUE,i1 AUE,0.0
967,early,966,b8 LAVROCK,b8 LAVROCK,0.0
968,middle,967,5k OU,5k OU,0.0
969,late,968,j5 LET,j5 LET,0.0
970,early,969,8g WE,8g WE,0.0
971,middle,970,13f SAU,13f SAU,0.0
972,late,971,2e OU,2e OU,0.0
973,early,972,h12 MIXY,h12 MIXY,0.0
974,middle,973,a1 cLEAROUT,a1 cLEAROUT,0.0
975,late,974,c7 PORTAGED,c7 PORTAGED,0.0
976,early,975,h8 AROINTED,h8 AROINTED,0.0
977,middle,976,g2 DEpURATE,g2 DEpURATE,0.0
978,late,977,10k RONZ,10k RONZ,0.0
979,early,978,h1 LARNIeST,h1 LARNIeST,0.0
980,middle,979,15e SIMARRE,15e SIMARRE,0.0
981,late,980,4a BINIT,4a BINIT,0.0
982,early,981,ex LQR,ex LQR,0.0
983,middle,982,10e QI,10e QI,0.0
984,late,983,13h GUIDAGES,13h GUIDAGES,0.0
985,early,984,11e BOTOXED,11e BOTOXED,0.0
986,middle,985,5i QAT,5i QAT,0.0
987,late,986,2a ZEL,2a ZEL,0.0
988,early,987,7k PEW,7k PEW,0.0
989,middle,988,c9 BRAND,c9 BRAND,0.0
990,late,989,h13 DIV,h13 DIV,0.0
991,early,990,a1 CROFT,a1 CROFT,0.0
992,middle,991,1c CLOVER,1c CLOVER,0.0
993,late,992,15a pLAZA,15a pLAZA,0.0
994,early,993,o3 ELUSION,o3 ELUSION,0.0
995,middle,994,d6 COWBIRD,d6 COWBIRD,0.0
996,late,995,e9 INLACE,e9 INLACE,0.0
997,early,996,h8 GYPSEIAN,h8 GYPSEIAN,0.0
998,middle,997,6b BANTZ,6b BANTZ,0.0
999,late,998,2e EXTORT,2e EXTORT,0.0
1000,early,999,7e MIZ,7e MIZ,0.0
1001,middle,1000,13c HUM,13c HUM,0.0
1002,late,1001,3j NEAFE,3j NEAFE,0.0
1003,early,1002,h10 BAJREE,h10 BAJREE,0.0
1004,middle,1003,f4 DORYMEN,f4 DORYMEN,0.0
1005,late,1004,13l MON,13l MON,0.0
1006,early,1005,c3 JOWL,c3 JOWL,0.0
1007,middle,1006,3h ZAG,3h ZAG,0.0
1008,late,1007,i1 PLUG,i1 PLUG,0.0
1009,early,1008,d3 MUCH,d3 MUCH,0.0
1010,middle,1009,14f ZEX,14f ZEX,0.0
1011,late,1010,b1 QI,b1 QI,0.0
1012,early,1011,i6 CUB,i6 CUB,0.0
1013,middle,1012,10g EEVN,10g EEVN,0.0
1014,late,1013,h1 DRAPER,h1 DRAPER,0.0
1015,early,1014,e8 JAGG,e8 JAGG,0.0
1016,middle,1015,n2 ENJOY,n2 ENJOY,0.0
1017,late,1016,h11 EVERY,h11 EVERY,0.0
1018,early,1017,h11 VENEY,h11 VENEY,0.0
1019,middle,1018,o1 PLAYA,o1 PLAYA,0.0
1020,late,1019,4l DOGE,4l DOGE,0.0
1021,early,1020,c7 FRANION,c7 FRANION,0.0
1022,middle,1021,f14 XI,f14 XI,0.0
1023,late,1022,3a THY,3a THY,0.0
1024,early,1023,a6 ATONALLY,a6 ATONALLY,0.0
1025,middle,1024,2a ECU,2a ECU,0.0
1026,late,1025,a6 CAESURIC,a6 CAESURIC,0.0
1027,early,1026,9c REF,9c REF,0.0
1028,middle,1027,m9 HELIO,m9 HELIO,0.0
1029,late,1028,j9 LI,j9 LI,0.0
1030,early,1029,h8 YEAsTIER,h8 YEAsTIER,0.0
1031,middle,1030,14a UPSEY,14a UPSEY,0.0
1032,late,1031,8l TIFT,8l TIFT,0.0
1033,early,1032,h1 SERAGLIO,h1 SERAGLIO,0.0
1034,middle,1033,1h WORLdERS,1h WORLdERS,0.0
1035,late,1034,1h ENARGITE,1h ENARGITE,0.0
1036,early,1035,h8 ACROLEIN,h8 ACROLEIN,0.0
1037,middle,1036,a9 NARDINE,a9 NARDINE,0.0
1038,late,1037,10f ZAG,10f ZAG,0.0
1039,early,1038,f6 TREND,f6 TREND,0.0
1040,middle,1039,10d INWIND,10d INWIND,0.0
1041,late,1040,3g JO,3g JO,0.0
1042,early,1041,d8 COOEE,d8 COOEE,0.0
1043,middle,1042,3c ZO,3c ZO,0.0
1044,late,1043,c7 TUBEROID,c7 TUBEROID,0.0
1045,early,1044,l12 TOUK,l12 TOUK,0.0
1046,middle,1045,14b QAT,14b QAT,0.0
1047,late,1046,14a EKED,14a EKED,0.0
1048,early,1047,13f TARGETED,13f TARGETED,0.0
1049,middle,1048,h1 FEWER,h1 FEWER,0.0
1050,late,1049,o1 FARSED,o1 FARSED,0.0
1051,early,1050,10e EON,10e EON,0.0
1052,middle,1051,h10 DEPICT,h10 DEPICT,0.0
1053,late,1052,3b LIFE,3b LIFE,0.0
1054,early,1053,11i NUN,11i NUN,0.0
1055,middle,1054,l8 FOX,l8 FOX,0.0
1056,late,1055,15a ARO,15a ARO,0.0
1057,early,1056,10l GLAD,10l GLAD,0.0
1058,middle,1057,j5 EX,j5 EX,0.0
1059,late,1058,o12 VIDE,o12 VIDE,0.0
1060,early,1059,7g DAW,7g DAW,0.0
1061,middle,1060,k11 ROLE,k11 ROLE,0.0
1062,late,1061,n7 SORRILY,n7 SORRILY,0.0
1063,early,1062,b2 CARVE,b2 CARVE,0.0
1064,middle,1063,14b OUTA,14b OUTA,0.0
1065,late,1064,1b TRUNCATE,1b TRUNCATE,0.0
1066,early,1065,9l EX,9l EX,0.0
1067,middle,1066,n2 BEND,n2 BEND,0.0
1068,late,1067,ex BLT,ex BLT,0.0
1069,early,1068,10e WHALED,10e WHALED,0.0
1070,middle,1069,o8 STEWAbLE,o8 STEWAbLE,0.0
1071,late,1070,a8 BOOGY,a8 BOOGY,0.0
1072,early,1071,9e VOL,9e VOL,0.0
1073,middle,1072,a1 HOLDERs,a1 HOLDERs,0.0
1074,late,1073,5a UPPING,5a UPPING,0.0
1075,early,1074,15h ZAYIN,15h ZAYIN,0.0
1076,middle,1075,15e SECT,15e SECT,0.0
1077,late,1076,3i DARAF,j3 AFRO,0.1633987
1078,early,1077,5e TEENSIER,5e TEENSIER,0.0
1079,middle,1078,d3 GAID,d3 GAID,0.0
1080,late,1079,13a VLY,13a VLY,0.0
1081,early,1080,3c SHEQEL,3c SHEQEL,0.0
1082,middle,1081,i12 FIG,i12 FIG,0.0
1083,late,1082,3f DEVIANcE,3f DEVIANcE,0.0
1084,early,1083,7h MENEERS,7h MENEERS,0.0
1085,middle,1084,3g PEG,3g PEG,0.0
1086,late,1085,j9 GYM,j9 GYM,0.0
1087,early,1086,h7 ATIGI,h7 ATIGI,0.0
1088,middle,1087,1g BUNN,1g BUNN,0.0
1089,late,1088,d1 TIDAL,5j DA,0.10315550000000004
1090,early,1089,7g WYN,7g WYN,0.0
1091,middle,1090,c1 AIOLI,c1 AIOLI,0.0
1092,late,1091,4k VEERY,4k VEERY,0.0
1093,early,1092,12h RIOTISES,12h RIOTISES,0.0
1094,middle,1093,1l CHUB,1l CHUB,0.0
1095,late,1094,15a PAIOCkE,15a PAIOCkE,0.0
1096,early,1095,7m ZEL,7m ZEL,0.0
1097,middle,1096,o8 GREIGE,o8 GREIGE,0.0
1098,late,1097,14b NYAFF,14b NYAFF,0.0
1099,early,1098,j6 BEAKY,j6 BEAKY,0.0
1100,middle,1099,10d OUMA,10d OUMA,0.0
1101,late,1100,g1 THETE,g1 THETE,0.0
1102,early,1101,c11 ZOL,c11 ZOL,0.0
1103,middle,1102,8j AERUGO,8j AERUGO,0.0
1104,late,1103,3f INEDITA,3f INEDITA,0.0
1105,early,1104,9d RAVINES,9d RAVINES,0.0
1106,middle,1105,12a BAHoOKIE,12a BAHoOKIE,0.0
1107,late,1106,14l FEG,14l FEG,0.0
1108,early,1107,14g PLUTOIDs,14g PLUTOIDs,0.0
1109,middle,1108,15j AUGITE,15j AUGITE,0.0
1110,late,1109,m9 JUG,10l TUI,0.23214950000000015
1111,early,1110,f11 AIDA,f11 AIDA,0.0
1112,middle,1111,l1 BROOD,l1 BROOD,0.0
1113,late,1112,b2 SPICIER,b2 SPICIER,0.0
1114,early,1113,9c QIN,9c QIN,0.0
1115,middle,1114,3c REARMING,3c REARMING,0.0
1116,late,1115,13l EAU,13l EAU,0.0
1117,early,1116,10i OU,10i OU,0.0
1118,middle,1117,l4 OY,l4 OY,0.0
1119,late,1118,d1 WEND,d1 WEND,0.0
1120,early,1119,d10 RIVAGE,d10 RIVAGE,0.0
1121,middle,1120,14e APTED,14e APTED,0.0
1122,late,1121,3i QI,3i QI,0.0
1123,early,1122,2e QUINOAS,2e QUINOAS,0.0
1124,middle,1123,15k METIF,15k METIF,0.0
1125,late,1124,1a WIGHT,1a WIGHT,0.0
1126,early,1125,h8 ENTWiNES,h8 ENTWiNES,0.0
1127,middle,1126,h1 GEPIK,h1 GEPIK,0.0
1128,late,1127,13k MAE,j5 AMU,-0.004067900000004343
1129,early,1128,e5 GAUJE,e5 GAUJE,0.0
1130,middle,1129,15j ROINED,15j ROINED,0.0
1131,late,1130,10j VAT,10j VAT,0.0
1132,early,1131,8m BAE,8m BAE,0.0
1133,middle,1132,15b WAGE,12a CEAS,0.12429490000000001
1134,late,1133,5i TID,5i TID,0.0
1135,early,1134,10e EVERT,10e EVERT,0.0
1136,middle,1135,k10 PIAN,k10 PIAN,0.0
1137,late,1136,h12 KLAP,h12 KLAP,0.0
1138,early,1137,g10 UFO,g10 UFO,0.0
1139,middle,1138,e8 WEFT,e8 WEFT,0.0
1140,late,1139,12j ROKED,12j ROKED,0.0
1141,early,1140,l4 OUNCE,l4 OUNCE,0.0
1142,middle,1141,h11 IXORA,h11 IXORA,0.0
1143,late,1142,h12 QUOp,h12 QUOp,0.0
1144,early,1143,4g REDIALED,4g REDIALED,0.0
1145,middle,1144,f10 WIN,f10 WIN,0.0
1146,late,1145,14a TUT,10f URE,0.10676419999999998
1147,early,1146,h1 BEEF,h1 BEEF,0.0
1148,middle,1147,k3 MOQUETtE,k3 MOQUETtE,0.0
1149,late,1148,9c BIPOD,9c BIPOD,0.0
1150,early,1149,h7 QAT,h7 QAT,0.0
1151,middle,1150,1a OO,1a OO,0.0
1152,late,1151,5b INDOW,5b INDOW,0.0
1153,early,1152,f1 OPHIDIAN,f1 OPHIDIAN,0.0
1154,middle,1153,m8 DATAFILe,m8 DATAFILe,0.0
1155,late,1154,c11 EBB,c11 EBB,0.0
1156,early,1155,o1 MAIKO,o1 MAIKO,0.0
1157,middle,1156,h11 AZOIC,h11 AZOIC,0.0
1158,late,1157,13c REVERTANT,13c REVERTANT,0.0
1159,early,1158,i6 GRINDERS,i6 GRINDERS,0.0
1160,middle,1159,j2 PINK,j2 PINK,0.0
1161,late,1160,3c FIST,3c FIST,0.0
1162,early,1161,4b FAVOUR,4b FAVOUR,0.0
1163,middle,1162,a4 CAROLLER,a4 CAROLLER,0.0
1164,late,1163,10c SLIME,10c SLIME,0.0
1165,early,1164,m2 COTTONS,m2 COTTONS,0.0
1166,middle,1165,15k SKEEF,15k SKEEF,0.0
1167,late,1166,b5 RENEGATE,b5 RENEGATE,0.0
1168,early,1167,3a OKA,3a OKA,0.0
1169,middle,1168,12b ZORIL,12b ZORIL,0.0
1170,late,1169,3b CINQ,3b CINQ,0.0
1171,early,1170,10c UrEMIAS,10c UrEMIAS,0.0
1172,middle,1171,1l ZITI,1l ZITI,0.0
1173,late,1172,a2 PRY,a2 PRY,0.0
1174,early,1173,g6 VALIANcY,g6 VALIANcY,0.0
1175,middle,1174,l1 QUINT,l1 QUINT,0.0
1176,late,1175,d10 LOAVED,d10 LOAVED,0.0
1177,early,1176,10e DHOTI,10e DHOTI,0.0
1178,middle,1177,10j GANEV,10j GANEV,0.0
1179,late,1178,a9 DRIBLET,a9 DRIBLET,0.0
1180,early,1179,4d VARIABLE,4d VARIABLE,0.0
1181,middle,1180,o1 RE,o1 RE,0.0
1182,late,1181,4h IRRIGATE,4h IRRIGATE,0.0
1183,early,1182,9d AI,9d AI,0.0
1184,middle,1183,3c FAX,3c FAX,0.0
1185,late,1184,f10 FOUET,f10 FOUET,0.0
1186,early,1185,e11 OAT,e11 OAT,0.0
1187,middle,1186,i3 GORIEST,i3 GORIEST,0.0
1188,late,1187,c8 AYRIE,c8 AYRIE,0.0
1189,early,1188,l3 WIFE,l3 WIFE,0.0
1190,middle,1189,m7 WIZ,m7 WIZ,0.0
1191,late,1190,i9 LINDY,i9 LINDY,0.0
1192,early,1191,7g TEAWARE,7g TEAWARE,0.0
1193,middle,1192,15a ZO,15a ZO,0.0
1194,late,1193,j5 ENTITY,j5 ENTITY,0.0
1195,early,1194,5k BRO,5k BRO,0.0
1196,middle,1195,1m ZAG,1m ZAG,0.0
1197,late,1196,13m QI,13m QI,0.0
1198,early,1197,10c YAKITORI,10c YAKITORI,0.0
1199,middle,1198,6b FE,6b FE,0.0
1200,late,1199,a1 JAGER,a1 JAGER,0.0
