# position_id	bag_size	CGP
quality-20260730-b1-p001	1	3M3BROMIZES/1OPALInE1W2I1I/3U1TYG1OW1T1R/3N6ABS1E/3D6XI2N/3Y7R1QI/8GU1T1IS/FOVEAE1NINTH2E/5HAUF2E3/11R3/7JOCOS3/3EVOKER6/5RILE6/1CAAED1L7/7O7 ADDNPT?/AAEGNTU 380/570 0 -lex CSW24
quality-20260730-b1-p002	1	KNIVED1FAB1ARUM/AA2NEGATION3/5P5OR2/5INSINEWED1/5C6Q2/4ST5TUX1/2J1L7I2/CLOVES1OUTHER2/4A7E2/4Z2RObOTRY1/2G1I2EEEW4/1HOPLITE7/1AL1Y10/1OF12/15 ABEGIRU/ADDIMS? 391/389 0 -lex CSW24
quality-20260730-b1-p003	1	3BOWING6/3O9W1/3L9R1/3I9I1/3N5VANTS1/3E6g2T1/3ST5a3U/4H1QI2MARAH/3YO1U1ZEE4/3UN1ALEFT2F1/4G1TOE1E2L1/3CYDERS4A1/7E3TAKI/3PROPANES1DE1/JUBA3L2IXORA CDDNORV/EGIIIMO 397/340 0 -lex CSW24
quality-20260730-b1-p004	1	AREAD2V2FAVEL/HERNIATE4OX1/4N2H4W2/4K2MYGALE2/4I1B1OUD1DO1/4ECOD1M3R1/4S1U2P3B1/4T1JIGS3I1/5QI5sT1/6E5NE1/6S5ARY/6TE3EW1A/7U3AI1P/5TROOZ1UN1O/7I4G1N CEFINST/AEILOR? 371/402 0 -lex CSW24
quality-20260730-b1-p005	1	13U1/9G3N1/6HAIRDO1W1/3CARIBOO1FLOB/9YET1V1/5I3N3EH/5N3E4O/3JUDGERS4R/5A6Q1A/5M1A4I1R/4MILLIGAlS1Y/2NEONIC7/1NEELE1OW6/6OVERSKIP1/7EX1TATIE ADFPTUU/ADESTTZ 405/331 0 -lex CSW24
quality-20260730-b1-p006	1	4tACKLES4/3UR10/3NUTMEAT5/2BEL3GAN4/2LAY4TAJ3/2OS2P1GEM4/2BI2ADO6/VISED1VEXT5/3R3t7/7R7/6WAZOOS3/3FLOOIE2T3/3E2ONE2U3/3R3E1QIN3/INFECT1DUING3 AHHIOPR/DEIIRWY 312/451 0 -lex CSW24
quality-20260730-b1-p007	1	7LOW5/3U3ONE5/3S2DOON5/3Q2IF7/3UP1C8/3EA1T6O1/4B1I2O3R1/3FUZED1u3RE/L1K1L1S2T2JAR/OVERACTS1W2AME/I1X1R2H1A1OPED/D6A1I1VIn1/I6M1T1EN2/N4BRAISING2/G6N7 AAGHTTY/EEEILUY 356/390 0 -lex CSW24
quality-20260730-b1-p008	1	R11W2/IS9NO2/LI8FAW2/EDS7IO3/YET7QIS2/1BA6CH1L2/1AG1REX2R2A2/OR1H1FUNKY2N2/T1TOLT6T2/TUINA7E2/A2o4BIPED2/V1GROUPIEs5/AM1E4EMCEE2/1O1R11/DZOS11 AILNNOV/DEEGIJU 321/434 0 -lex CSW24
quality-20260730-b1-p009	1	3BEGAT6Q/2WO2M7A/2IO1WE6ST/2LA1AN6I1/2TIMID6L1/4OF7U1/4T8R1/3ZONED5I1/4R2AVAILED1/4EFT2HOI1S1/4DOH8/3C1PA1JEEP3/2YU2GNARRING1/2OK1XI8/UNdERUSE7 CEENRT?/ABELOSY 403/447 0 -lex CSW24
quality-20260730-b1-p010	1	9BOWFIN/5QAT3A3/2R4EW2XU2/2OD3GO1BY3/2MIC2UR1R4/2AVO3DZO1D2/2J1LAIR1EN1E2/TRIPE1SOLACES2/4T1HOIS2Y2/4IF5LA2/4TA1K3IT2/5A1E3MI2/2OUTSEEN2AN2/7V3N3/7E7 EEGGIR?/DELNPU? 290/562 0 -lex CSW24
quality-20260730-b1-p011	1	9NORMAL/1EUPHRASY3I2/2R8EX2/JEER6OY3/2D7GO3/1QI7ET3/2N3WAIDE4/2ICEbOAT1SIZEL/2A1FEW5OE1/6FIBS1VANG/7N1P1O2I/7V1U1C2T/7A1N1UH1A/7D1K1LI1N/7E3EM1O ADLOTT?/BGRRSTU 414/339 0 -lex CSW24
quality-20260730-b1-p012	1	15/15/14A/7GUACO2R/SNIRTLE3O3A/A5RAW1L2FY/V6WACONDas/O5ZEX1S2DE/Y5OE2S1PED/5BE3U1OU1/3THEATRES1OR1/FIVE8J2/10Q1A2/PRIDING2KITHE1/6ULMIN4 ABILMOT/EGIINNT 379/487 0 -lex CSW24
quality-20260730-b1-p013	1	2A12/2R7K4/2A5VINYL2/2B4JO1O4/2I4OU1UT3/2SERR2L1TI3/2EM4U2EF2/3PEWEE3TEG1/3Y2VEG2AHI1/3E1ZE1OX1C1N1/3SPANDRILS1N1/3E11/3SQUIRT1OBI2/8ACRIDLy/3MOATED6 DFGHNO?/AAAIOTW 326/492 0 -lex CSW24
quality-20260730-b1-p014	1	P6ELOIGNeR/EN12I/PO2D9C/1N2OW5FRAY/1L1THO3QUOIT1/1I1U1REjOINED2/1V1R1M9/JEAN1I1INBOX3/1SWAGED2I1UR2/3B1S3ZA4/3LITHATES4/3E2OY2E4/5CAUF1A4/15/15 ADEGKMV/AEELRST 530/339 0 -lex CSW24
quality-20260730-b1-p015	1	STAY3D4F1V/1ANOTHER4ARE/1DAB3A4WEN/7G5EA/7O5N1/7N2L2JO/6QI2O1POI/7SLOUGHY1/7m2NAT2/10GU1F1/4ICE3ED1O1/5R4R2U1/5O2MISKAL1/5ZIBET3I1/4WEDEL1IVIES CINRTUX/AEMPRT? 409/370 0 -lex CSW24
quality-20260730-b1-p016	1	7M7/7O7/7UP1F4/7EL1L4/8OBE4/1DAN1N2YEX4/1SHEQEL2VOES2/ROID1WICKY1MUCH/7AR3R2/7RAGA1G2/3LEGATIOn1I2/JUBA3O3We2/7N3ES2/2NUTRIENT1ET2/OVATE2D3D3 AAFIIPT/EIINORS 450/329 0 -lex CSW24
quality-20260730-b1-p017	1	B5FAND5/R6N2A4/A2MULCTiNG3C/ZUKE3E2LAIGH/E1IWI2T1QI3I/N3OY1y1IT3M/R4OUPA1T3P/Y2JOUSEI1E3S/3OB4AR4/3RAV3S5/9T5/8VEGO3/9R5/9I1FEEN/6ADDAXES2 EEHLORT/DELNOOW 338/473 0 -lex CSW24
quality-20260730-b1-p018	1	FATE3A6U/1BELLIED2FAQIR/7H2R3V/7E2OR1LA/4A2R1aWA1U1/4E1WE1P1D1ZO/4R1E2P1I2X/3VOMIcAE1I2E/4B1G2T4N/4ICH2E5/4AIM2N5/5TAY1T4J/6NUG5O/7KITENGES/7OO5S CNOSSTY/DILNORU 349/388 0 -lex CSW24
quality-20260730-b1-p019	1	OREXIS1V1C1ROJI/PED1THIO1H3E1/7E1A2SUM/7MAZOUT1E/7ALAY1E1T/5G3N2G1I/4BLAB4O1E/5AYU2F1D1R/5I1TINAmOUS/4OK4W1N2/4R4EN1TAV/4L4N1Q3/4O3FELID2/4N4W5/15 EIIPRT?/ACDEEGR 375/332 0 -lex CSW24
quality-20260730-b1-p020	1	3C10S/3HAW5TOGA/2GAPO7LI/2ANE8En/2PAR5E2EF/1J2T5M2KO/1A2U5B3I/1NITRIDE1CRAYON/1I2E5a4/1Z1O1BOI2V4/1A1MOISTURE4/1R1N6D4/1STILLED7/3F11/HEXYLENE7 DINRUUV/AEOQSTW 407/522 0 -lex CSW24
quality-20260730-b1-p021	1	1V13/1A10QI1/1C10IN1/1aLOWE7T1/1T1FORLeND3UM/YU7ZE2RE/AR6SOAPING/T2C2AIA5I/T2R2MOYA3EL/E2E1OU2R3UP/R2AVO3A3G1/S2K5N3H1/3STIBBLES2E1/9I3N1/5JAWED5 DDHINOX/EEEFGOT 427/396 0 -lex CSW24
quality-20260730-b1-p022	1	14A/9DOWLNE/3T10N/3R10E/UNKID8LI/3DOY2JOE1QI1/1F1ENAMOUr2IT1/GREN1YMPT4HA/1I1T9AB/1Z3WAIVES2TE/ReGALER3H2ER/1DOX2SAOUARIS1/2VEIN4G4/15/15 BCEFOOT/CEILPSU 411/353 0 -lex CSW24
quality-20260730-b1-p023	1	7IKON3A/1INGINES1FATWAH/5AFOOT2O1A/12R2/12L2/12D2/8MUX1E2/G6VAGUED2/OU4JAY6/OP5rAZER3/1CUTEY1I2DERN1/1H2NOVELISM3/1E5T7/1E3TRANQ5/CRIBLE1L7 BIPRTW?/DEEIISS 343/374 0 -lex CSW24
quality-20260730-b1-p024	1	15/1KRENGS8/3N11/3F11/3I8V2/1Q1E2LAWFARES1/1U1R1G6E2/1I1CORRAL3JIB/1N1E1U1WIlDCAT1/1Z2AB3OO1YAP/1ET1V4OX4/1sO1ID3TITTUP/2HADE3EE3E/2OU1Y3N4L/3A1SIGH5T ADINNOO/EEIMMRS 381/325 0 -lex CSW24
quality-20260730-b1-p025	1	15/5Q6BOH/2JA1I5FEW1/3ZOS4TELOI/2YOU5R4/1PE1T4GIRTH1/TEX1DA1SKIP4/ER1CORNUAL1D3/EN2IN1R1T1E3/4NA1F3O3/4G2YiELDeRS/11A2A/8BOITE1V/11E2I/7MAVIS2N EEIMOUW/AACDGLU 343/410 0 -lex CSW24
quality-20260730-b1-p026	1	FLAX3GrOVIEST/2M4R5H1/2B4AN2TATU/FIRK3MO2WEET/E1O4PUBCO1T1/L1I3VARA3LO/O1D2J2I5R/N1sQUIRRS5O/Y2U1G2H5I/1ZOA1G3WIT2D/3L1YENNED3E/3E10S/15/15/15 AEEINPS/ACDEEIN 331/470 0 -lex CSW24
quality-20260730-b1-p027	1	4PRELIFE1V2/3A5L2I2/3N1S3U2V2/3THIG2T2A2/3I1DICTIONS2/3M1E3N5/2OE1R2WARK3/2UR1OHIA2YONT/2ZE1A1OWE2XU1/1FE2D2ADD1OBI/1AL1Q10/1G2U1JOB6/ROMNEYAS7/1T2P10/15 CEENR??/AEEGIST 363/372 0 -lex CSW24
quality-20260730-b1-p028	1	7PREDRIED/7U1WE4/7T7/5JEZAILS3/8L6/5F2IF5/4OE2AY5/3CONGAS2M3/2V1PIU1ET1A3/2AWE1E1DO1R3/2GED4E1V3/3A1CONNATE3/1QIN2HAYS1R3/OI5O7/KNOUT1GILBERTs1 BHIMOUX/AILNST? 408/362 0 -lex CSW24
quality-20260730-b1-p029	1	2Q4B7/1AUTHORED6/2E4N2M4/WIRY3Z2ID3/2N4I2XU1L1/5GALA2C1I1/8ROOK1B1/7REIFY1iF/5VIEW4DA/7G4TOE/2PUNG1E2AJIS1/3REINSMEN1P2/7T4T2/5HAEN6/5ALDOLASE2 EIOORSU/ACETTV? 480/325 0 -lex CSW24
quality-20260730-b1-p030	1	EMOJI2pASSOVER/3U1KA4U3/2ST1EX4T3/2TELE5G3/2Y1IF5OB2/2L1V4C1IO2/2I1ADZ2A1nYM1/2N1BRADDING1ED/2G1LA3R3RE/3TEW3N3OW/3O4FIQH1PA/3U5E3IN/3C5R3AI/3H11/3E11 EEINORS/ALNOPTU 455/526 0 -lex CSW24
quality-20260730-b1-p031	1	W5KIF2C2V/HAJ2DONEGALS1I/AGONIES4A1NE/U10N1ER/P2ZED5G1U1/4WOO4b1R1/5BOTH2O1I1/6FIE1AXITE/8MAE2I1/7TEA3ST/7E3Q2A/7T3O2B/7R3R2L/7Y1DIMPLE/7L3A2D CNNUUV?/EIORSTY 333/463 0 -lex CSW24
quality-20260730-b1-p032	1	15/9JAMOKE/9UH3N/7QADI3F/9O2S1I/3q1G1N1g2T1L/3U1O1O1I2A1E/3I1AVOWS2N1D/3N1TON4ZA1/3I1YET2D1OX1/1GREW2I2R1E2/3L1SAMURAIS2/B1FARTHER1N4/EVE5BATTLE1/G14 CDEIPRU/CEEILPY 353/410 0 -lex CSW24
quality-20260730-b1-p033	1	3V1OAF3H3/1CRITH3E1E3/3G2NOUMENA2/3I5P1N3/2RAW4L1I3/4UG3O1N3/4DE3Y2V2/3ISOTOpE1FALX/2Q2D3D2U2/1JARPED5N2/1UT2S1B4T2/1M3I1E4I2/AB3COZEnAGE2/WO5I1YA1R2/K6L7 EIIRSST/AELNORT 344/445 0 -lex CSW24
quality-20260730-b1-p034	1	7V7/1U3FEEN6/ANOPIA1E7/1f1ATRIP7/1U1HAEN8/1R13/1L1E1CLAG6/ZEBU3TUTTI3/OD1G5AH4/O2EW4XI4/3NO3VOLAR2/3IO2YOLKY3/2SaNDBAR6/7J1DEFAT1/7ESOTERIC EGIMMSW/DEIINQR 322/420 0 -lex CSW24
quality-20260730-b1-p035	1	7L2THURL/GIG4I5A1/1NUN3P3V1N1/3EL1LA3I1D1/3FAVA4B1I1/6T4E1E1/SIGNETED3XIS1/5OWO4N2/6O5Q1H/5BO2JUKu1A/5ODA4I1Z/5R1F3ER1i/5T1AW2YE1E/6PREMIERES/7AY5T CCDINRS/AEMOOTU 446/395 0 -lex CSW24
quality-20260730-b1-p036	1	14A/14P/12T1E/11ROUX/4FORLEND1Z2/3FOU2SOARING/1SCOUTeD4N2/AHOY2MIBS1AG2/2E6E1L3/2D4A1R1I3/2I1PRESTING3/2TA3E1E1A3/2EL2QI1M1R3/2dE1WIT1A1T3/3C3Y2JAVEL DIKNNOW/BEHIOUV 513/398 0 -lex CSW24
quality-20260730-b1-p037	1	5YEW2AZONS/4AUREOLAE3/2VOX6R3/11D2B/5D3CHAT1R/4DE3YE1R1A/4EF1LOATHiNG/3FRATI1N2C1S/4IT2PO2KO1/4S3UG3W1/3PILOTMEN2EN/4V3In4G/2BREID1E5A/14T/14I IIJMNSU/AEELOQU 375/374 0 -lex CSW24
quality-20260730-b1-p038	1	15/15/2VIEWY1V6/4READORNS3/8W2E3/9KIr3/2Z5QI1F3/ERICA1TAIT1H3/2L1TRIG3O3/2L2ETAERIO1F1/3TABERD2D1O1/JUBE7SEEM/O1YATAGAN4H1/N3OXID5N1/G2PEENS7 CINOOUU/LLMPSU? 426/429 0 -lex CSW24
quality-20260730-b1-p039	1	MAWKY2T7/2O1O2E7/HIE1U2R4R2/UG5C4E2/NU5E3QIN1/1AT4LOR1I1e1/1NY5BIOS1R1/DIRLS2VIFF2V1/1DO1P1ZO5U1/1S2AXAL5L1/4N1GID4E1/4G2TO6/6JAM6/1HAO2ET7/DIAPENTE7 AEEIRSW/ABCEENT 406/361 0 -lex CSW24
quality-20260730-b1-p040	1	15/15/15/JERKY5MUGGA/4ELOCUTES2G/5U1A1AUE2I/2BAIZED6L/1MODDERS6E/OOH2R6XI1/1F3N3DIVI2/1E2ISoSPIN4/1T5O7/AT2CLARINET3/WE5R2FOHN1/A6Y3WEAN AOOQRT?/BELNPTV 322/476 0 -lex CSW24
quality-20260730-b1-p041	1	11C2J/11U1AE/10UR1LO/10PI1EN/9AHA1C1/9WO1OKA/10V1Y1L/6STOREYs1A/2BINGOES3T1E/1QI1AULA3DEF1/BIZES6IRE1/O1EX7FEW1/HM10D2/EA2SURLOIN4/ATIGI2ORT5 DDINPTT/EGMNNR? 457/382 0 -lex CSW24
quality-20260730-b1-p042	1	1Q1ANTIROLL4/1U5E5I1/1ABB3C4HM1/1GURu2HALIDOME/2RAN2A4PE1/2INN2R4EW1/V1E1E2G7/E1STRAWEN6/R3V2SUI5/L3eF9/I3DO9/GOAD1O1A7/1OPIATED7/1FESTY1Z7/7E7 CJNSTUY/IIKOOTX 387/500 0 -lex CSW24
quality-20260730-b1-p043	1	D6URINeMIa/IOTA5BEAUT1/SWAP5I5/K1GENERICS5/4I10/1QUINA3FY4/4J1ENGAOLS2/1V1ZAIDY2BOTEL/1OCH11/1WHOT10/2EMO10/2NOT10/2E12/2T2DURA6/2SAVORED6 EEFINPX/AEELLRR 464/410 0 -lex CSW24
quality-20260730-b1-p044	1	10GLOVE/9C1OM2/9YAWS2/3V5ATE3/3EA4NE2S1/3XI4I3P1/4Y1BOHS2QIN/4EUOI1ER2R1/3DE4DEG1T1/3U6T2L1/3R6O2EM/3I3JOTTER1U/3O1GNAW1A3D/3N5ILIACI/DUNSH1NIFF4R AABEORT/AEKLZ?? 346/371 0 -lex CSW24
quality-20260730-b1-p045	1	VrOU9P1/1E11R1/1TEGMINAL3JO1/1I10IF1/1F10R2/1O5PILLoRY1/1RETINAE4E2/1M3AWA3V3/3SOSATIE1OB2/9WAGE2/10HUNG1/K10ED2/I11E2/NUNCLE3HAIRY1/O4EXSCINDS2 DDOQRTU/AABEOTZ 468/407 0 -lex CSW24
quality-20260730-b1-p046	1	7PRESTORE/5VIA5I1/13B1/13B1/4DEEDInG2O1/1VAKIL7N1/2M4JA3ZEN/OpAQUE1OWO1MODE/1ANI1AUREOLA3/1XI6HIED2/2T9E2/FLAG8W2/R1S9I2/I8PONTS1/G9FYTTE CCHNTUY/AELNRSU 485/482 0 -lex CSW24
quality-20260730-b1-p047	1	FLAVIN9/3O9V1/3LI7JAP/3ANT5ZOL1/3ETA1bORDARS1/4EW3YAG1ER/C3R1EUGE4E/L2ANOESIS4M/A3OI7TE/R3D8OX/TUQUE8C1/I1UH9KI/n1I11M/G1N9TWP/1BOYF9I ADEHNRT/BDEEINS 421/400 0 -lex CSW24
quality-20260730-b1-p048	1	3ZIGAN6O/T1WO5QAT1AR/R1AA6MURLY/I1NE3FICIN1OX/SODAMIDE5N1/T1O1I8G1/A1O1H1EAU6/T2JIFfY2WHEAT/E2E1U1UNREELS1/3E1B7KO/3P1STEDINg3/3S11/15/15/15 BDELRRV/CEGLOPV 392/431 0 -lex CSW24
quality-20260730-b1-p049	1	7R7/4F2E6G/4A2W6I/H3Q2O6R/A3I2V6A/L1HURTLED5S/VAMP1OU7O/E2SONNIES1TOOL/8DONEE1E/1P7YAE3/1I1CAULDEST4/1N1R3O7/1KRAFT1Z7/1I1B3E1XI4/1E4ANTIDRUG1 ABGIJWY/CEIMNT? 324/441 0 -lex CSW24
quality-20260730-b1-p050	1	A8COWPOX/IS9O3/DI9WO2/ED9EA2/1E8MET2/1D8E1EH1/1L8T1NAB/Fy5NIQAB1UH/U9Y2NA/JILL5PEA2T/I5INVERITY1/SCARVES4NOOK/14U/9GEASON/6RIGOR3E GILRTZ?/ADEMRTU 373/350 0 -lex CSW24
quality-20260730-b2-p001	2	15/1M13/1UN12/1TE11K/TEF1EDGY2V3H/ID5UNPRAISE/m5Q3O3D/E2AECIA1TUT2A/L1TIME1IWIS4/IZAR1LINEN5/E1R1B2SNARF3/R1PLEX5R3/1JO1G6O3/HUN1O6W3/AD2T6Y3 AACGIOV/BELOOS? 331/290 0 -lex CSW24
quality-20260730-b2-p002	2	14D/9XU1T1I/8QINDARS/10C1R1A/10A1R1R/10N1OHM/10D1WO1/6LIMNIC1PO/5PITY1dA2U/4FIG4L3/4O5JO3/4U5ET2V/2fOLIATE1UT2A/BLAHER4NEONS/YOW1REBADGES2E AEEIKST/EEFGINZ 393/421 0 -lex CSW24
quality-20260730-b2-p003	2	9RIOTED/12R2/TAX8QI2/1AIA6GIS2/C2PUDENT1I1O2/HALOGEN3R1MM1/I4FONE1R1EEW/R5WARKS2nA/TA11TE/1U11H1/1D11O1/VIGA3J5L1/1B5EVINCES1/1L5E7/BENTY2P7 LNOSYZ?/AEFOOUU 461/367 0 -lex CSW24
quality-20260730-b2-p004	2	7J3Y2U/7A1E1O1ON/7MARIGOLD/7B1G1I1LO/7O1OH2A1/9NY2V1/5TRAT1K4/TOFF3WEXE4/2I3BEAUS2I1/2GLOVED5N1/6U6S1/5PRINCIPIA1/6R6n1/5QEEMA3E1/2DUDISH3CERT AEILNZ?/AERSTTW 337/456 0 -lex CSW24
quality-20260730-b2-p005	2	15/15/15/2WATERMAN1V3/4E5TE2Q/4R1V2JOG2U/2GUN1AB2ZOL1E/2UNI1XYSTI3R/2I1O2T2EW2I/2L1N2e2SIDED/2T4C3C2A/H1I4O3H2S/O1ER3D7/PERENTIE1ABODE1/E2N3SPLAY3 AGILMOR/AAFFKU? 385/480 0 -lex CSW24
quality-20260730-b2-p006	2	6ZA3P3/4BROWNIER3/2T3O1UNWOVE1/1PUNTSMEN2F3/2M7FIGGY/2BOTANIC2T3/2R4DOJO4/2I3VEX1EALED/2L5YO5/1K5p1H5/1R1ADENItIS4/OARIER1Q1A5/1A5U7/1L5E7/7T7 ACEHISU/AEEGILT 428/333 0 -lex CSW24
quality-20260730-b2-p007	2	15/15/15/11G3/10ALOE1/4MY3Q1A1V1/3HOAX1DI1N1O1/3MEDIAE2dIET/2N5F1RUT2/1JO2BENTY1L3/1OW1PAWA2ZEN2/2TROD1HOKAS3/1RIELS3U5/2E6DEFIS1/CERIA2GLUTENIN ABGIORU/CERSTV? 358/345 0 -lex CSW24
quality-20260730-b2-p008	2	15/13R1/11UPO1/11PIA1/9JIBED1/5V5E1I1/4QI2UNTAXeS/3GURNET2T2C/4AE3G4H/4R1V2O4W/UEY1T1O2DHOW1A/1DONZEL2L4G/2BOYFS1CILL3/5F3KAAMA1/3MISDONE1TENE AAEEIST/EIIRRR? 323/384 0 -lex CSW24
quality-20260730-b2-p009	2	7W7/1JAWLINE5V1/LOT4I4BE1/7G3TIGE/5COHOLDER1T/10OXO1E/4CUIF2T3S/GAMB2FANKS3I/3R3V6A/3O3O1ZE3N/3UNwARIER4/3g3I1PRYS2/1DUH3T7/3A3E7/DOLMAN1S7 AADIIQT/EENPRUY 342/430 0 -lex CSW24
quality-20260730-b2-p010	2	U6Q6S/N2D3A5FE/W1PRIVET5UR/A2A5LOG1GI/TAIGA6L2C/EX1W5JAI2I/R2AH3BoMBASt/EL1YEUKIER4E/DOR1T10/1OO1MUSLINED3/1NO1E10/HIT1N10/OE13/ES13/D14 EINORTT/ACFNOVY 396/485 0 -lex CSW24
quality-20260730-b2-p011	2	4L9U/3RAJA7P/2RECONNED4G/4T6C2I/4A6A2R/2mITSVAH2BAFT/4E2MELLOWY1/4D2UNI1V3/11E3/1B2GOURDIER3/1R1FOY5S3/NUtATES3Q4/OXO3TOWNIES2/MEN12/ED13 AEGHIIZ/AIKLOPT 390/514 0 -lex CSW24
quality-20260730-b2-p012	2	O1FEAGUE7/R2TAIRA7/L2I10I/OF1O4VLOG2M/PAULINS3Z3P/1V1I2A3O3E/2UNEARED1N2ON/3s2CLIMAX1OD/6e1TATIES1/6N1EWE2Y1/2HEY1E3D4/DRAC2T8/2WHIGS8/15/15 BJKNOQU/BEIRRST 429/294 0 -lex CSW24
quality-20260730-b2-p013	2	3BUN1N7/1TRITONES1m4/2E4E2O4/1FA1LANDWIND3/1AL4I2O4/1XI4E2L4/2A4S2I1YGO/3QUEST2THAIM/9CHOP2/9A5/4OCREATE4/JUKED4E5/U5GARROTER1/M8E5/P5GOWD5 EIILNSV/BFRVYZ? 468/378 0 -lex CSW24
quality-20260730-b2-p014	2	14W/13TO/12VAX/11D1W1/10YU1N1/1Q7JAMBED/1I3O2HIE1RYE/AS1GULPIER2U1E/T4E1DADA1HIM/R4O1ET1I2R1/A6N2O2O1/ZEAL3T2L2N1/I1ROOTKIT1I2I1/N1FUN1OF5E1/E5Ay5S1 ABELRS?/CCEGGNV 412/410 0 -lex CSW24
quality-20260730-b2-p015	2	7REORDAIN/7O7/2INEDITEd2P2/JEFE3A4U2/U6VACATE2/B4Q1AGHA1B2/ER3I1T4L2/SO1ZESTER1OHONE/1UG1Y8E1/1XU1R8W1/2IVY1DOLIChOS1/2LI9M1/2TA9E1/3N9N1/3D11 AAFGILN/IKMPRST 322/438 0 -lex CSW24
quality-20260730-b2-p016	2	7HEADwALL/8RYE3I/12F1D/7JUG1ZEPS/9I1AWE1/9BOP1R1/8C1V2R1/6CORTEX1OK/1V6Y1R2NO/1A8W2SI/1GOOF5A4/3MEASLIEsT1IN/2GADI4HONDA/11U1EN/7BLUNT1EA EIIORST/EEIMQTU 399/373 0 -lex CSW24
quality-20260730-b2-p017	2	6MUON1BEND/5SATRAPY1A1/5A7U1/4QI7TA/4I8IN/4SCOG2V2LO/6DEF1I2ID/7NOUNAL1E/6YEX1T4/3HIVE2ZA3R/6L2AGIO1E/6TO1PET2G/7R2S3I/7FEM4U/6REWAREWaS CHLORT?/BEEIKNO 341/403 0 -lex CSW24
quality-20260730-b2-p018	2	1Ok12/1UN12/1KI9V2/2T8HI2/2T7LOD2/2LIRE3FAX3/2E2WAZ1AM1G2/4V1BANCS1U1P/3BUOY2IT1I1R/4GUE2AE1L1O/2FEH5R1T1P/1JAW4MISCITE/QAT9E1N/1YEA8R1D/3LEONE5OS DEEINS?/AGINOOR 393/447 0 -lex CSW24
quality-20260730-b2-p019	2	2GYP1R8/1ZOUAVES4T2/WAX3CH3LA1E/I5UH2YAG1D/G5R3OW2I/E5R3L3F/O5E3KIBBI/N5DENTINE1E/10e2ID/3RAJA3S2N1/4RAINDATE1Q1/2NIMPS6U1/8OUTLIE1/13S1/13T1 EEFOOO?/ACELOTV 407/440 0 -lex CSW24
quality-20260730-b2-p020	2	3DAUNTEd5/9WILIS1/3TENANTED2L1/2AIA4L3O1/4ROQUETS2O1/5V4U2M1/4PEH3G4/3XERIC2OK3/2CURB1H3E3/5Y1A3E3/7I2AN3/APOD3R2JO3/REBELDOM2I4/EASY3E2V4/7N2A4 FIRTWZ?/FGGIINT 373/391 0 -lex CSW24
quality-20260730-b2-p021	2	L13V/AGISTED7O/A5INQUIRE1D/R2MOZ2A5U/I3BARITONE2N/3HEX1O1HOSTAS/7P7/6JAUK5/7n2L4/4BEFOAMED3/7I2N4/5rECENTLY2/RECIPES3O4/9GRIGRI/15 ALNOTWY/AEEFTUW 344/438 0 -lex CSW24
quality-20260730-b2-p022	2	15/6FEDEXING1/13E1/13L1/10WAGE1/1BUAZE3FOE1E1/O3ORgANON4/CUTTO2YAY4B/U5PUH5A/L4QI7N/I3VIRID5K/S6NAIVETES/T1OTARINE5I/SHOOLE8A/5CWM7 ADGJMS?/DEPRRRT 292/508 0 -lex CSW24
quality-20260730-b2-p023	2	11VIED/2LISTERIA1I1N1/9UPS1J1/9TAT1A1/9OKA1m1/9C3B1/8WAGERS1/7REDUX3/7E1EVOHE1/7L4EW1/4UNLAY1Q4/7TOPEE3/GRoSGRAIN1E4/I5IO2M1ODD/B5AN2ACHOO ILRTTUZ/EFFNNOY 471/317 0 -lex CSW24
quality-20260730-b2-p024	2	7CARNY3/9I5/6T2B5/6W2S5/4CRINATED3/6R2O1R3/4Q1L2N1O3/V2SUASIvE1PUJA/OB2E2L7/MAM1IF1LUXE4/1IO1NO1T2A4/1ZLOTE1H2V4/FET4SWEERiNG/IDE12/G1DAPHNE7 AAEIIKO/DGIORUY 332/369 0 -lex CSW24
quality-20260730-b2-p025	2	5ABY6G/1J3NAE5PO/KID3YOM4LO/1HOX2TWO1V2AD/RADIANS1N1I2N1/OD6T1G1BE1/Q7A1I1UR1/uT4CURTAILS1/Ea6I3L2/1P5NAW5/1H5I1I5/1O5F1T5/1L5F7/1E4GEEZ5/6URMAN4 EEEIRTU/CEEORSS 358/498 0 -lex CSW24
quality-20260730-b2-p026	2	7B7/7E7/6THEOCON2/3V3O7/2LAH2T7/1C1RELIEVEd3G/1I1D4E5O/FA1Y2QIN5U/IO6AB4R/N7LI4D/N8T3AY/E8MUREX1/R7JAP1DIG/SANTOUR1UPO2A1/3AFrEETS1WILI DIKMORW/AEENSST 356/332 0 -lex CSW24
quality-20260730-b2-p027	2	GREENLIT3CAUL/7O2LO3/2D3BOR1OOH2/2I3AMI1TEE2/2V1M1W1O1EEN2/2V1I3T3N2/2YEX3I1TAY2/3FILTHs1UN3/4N3E1IO3/4G2ASUNDER1/4s5AI3/11ZO2/11EW2/9JARTA1/5KAPPA5 DEIQRSS/CDFGRSU 351/445 0 -lex CSW24
quality-20260730-b2-p028	2	7LAMENtER/5DOILY5/7C3T3/6EH3R3/6T4I3/4V1A1HI1U3/4I1E1UN1N3/3MATRONS1E3/4B1I1GIOS3/4L1O2NA4/4Y1ST1EFT3/1JAP3W1W1O3/2REGO1I1S1ZAX1/1FIREPAN3E3/CEDER2K3D3 ABDOOUV/AELQTU? 364/425 0 -lex CSW24
quality-20260730-b2-p029	2	15/2U5FIREPAN/2NOTAIRES1HID1/J1r12/O1I5Q6/U1V2BOEUF5/sTEELIE1EL2V2/T1T4GNATHAL1/E1S5AN2M2/D8K2PO1/3ANGORAS3L1/BOWNE2A5E1/R1U4D5I1/I1Z4I5C1/T6X7 ADEMRRS/CEGIOOY 238/533 0 -lex CSW24
quality-20260730-b2-p030	2	1E3TIMBO3ZE/1N7FENCER/1O8R1A2/1U7BO1V2/1N7IT1Y2/1C7KI4/GER3LOGES1T2/R1A2JAW2EXODE/A1I3HEIL2I2/PUNTIES5L2/P1b9W2/A1I9O2/2R9R2/2D6HUDNA1/2sEELING6 AAAMOQT/DFOSTUY 375/469 0 -lex CSW24
quality-20260730-b2-p031	2	7E7/1G5X1BOSUN1/1R5T3W3/FA5E3I3/OP3JOR1FIZ3/EH1CROWNLeT4/1E1E11/UNSNECKINg4I/1E1T10B/3A1MOVED4A/2QUEYN1DISPLED/3R5THIO1A/1VLY3GIAOUR1T/15/15 AEGIRST/AAAEILM 362/459 0 -lex CSW24
quality-20260730-b2-p032	2	15/1CODEX9/2BELIQUOR1TIKE/3R6BIFID/3I3VAGI4/3S5J5/3IF3YU5/3VOIDEES5/2PEW3A6/1ZA1T3R6/1AE1HUNTsMEN3/1PAR7O3/2N1LANAI2H3/1OSCULANT2O3/4GAMY3W3 ELNRTT?/DEEOORS 457/423 0 -lex CSW24
quality-20260730-b2-p033	2	3J10B/3A9AE/3R9ST/H2I9TO/U2N9oN/GREATLY2QIS1N1/E5AGO2T1I1/R4CRUX1HOTEL/7BOI1U1D1/9FARL2/3PELVICS1I3/2MOD2N3E3/1KY4N1MURVA1/FE5E7/AGENIzED7 AIIPSTW/AEEOOOW 256/473 0 -lex CSW24
quality-20260730-b2-p034	2	5ASTHORE3/1INRUN9/4N10/4W10/3VICaRIES4/4P10/3VELDT7/4D2WOX1CHIP/6TOMIAL3/2DITZ5I3/5AEROTONES1/2FLAG5GU1J/2YAE2BLADER1A/9MORONS/7KEEF3Y ABEEINO/AEGIQU? 393/325 0 -lex CSW24
quality-20260730-b2-p035	2	8MERCIFY/7LUX1A1U1/O10LAR1/C3T5DEARE/H1N1W5IF2A/OvARIOLE2KY2V/N1I1N5E3I/E1AB2GAJOS3N/2DUH2TOW4G/1V1ROZIT7/1E1QI10/1N1A3B7/1DIsTUNE7/1E5E7/1R5P7 EEGILMO/ADOSSST 365/344 0 -lex CSW24
quality-20260730-b2-p036	2	7W3D3/7EA2R3/1ITINErANT1O3/7KY2M3/8O2i2V/7INDUCTEE/4O3E2A2N/3MURRIS2L2T/1GOATEE8/NUB1H3B6/4A3O6/3QUOTES5H/VIRILE1XI1ZAP1I/4S2PEDAGOGY/7O6A ACFLNRS/DEFJLRW 421/352 0 -lex CSW24
quality-20260730-b2-p037	2	13A1/4U8XI/2BUNDY7N/3tREELESS3A/4O3LOONIER/4OK8C/4TE1BATT1F1H/5FROM1IMIDE/2C4YUTZ1L1D/1DEARING1W1HIP1/AERIE4PA1N2/GLIA6VOG2/2T7O1S2/2E12/15 AEIJQRU/ANOTVW? 338/289 0 -lex CSW24
quality-20260730-b2-p038	2	L2ZINGY2CAFFS/A2O6I4/b2B4GIVEN2/O2U6I3Q/U2STRANGLE3U/R7ROSACEA/E2METOPE5V/DOJO3AX5e/1WALTIER5AR/1OKA9N1/13O1/13L1/9BUDDY1/13T1/10WHEEN EHINPTT/DEEIMRS 367/452 0 -lex CSW24
quality-20260730-b2-p039	2	14H/8B5I/4Q3U1I1JUD/3TI2URANIA1E/3ON3N1T4/3P2OVEREDITS/3A4R1R3T/3ZOAEAS1P2MI/5AX3O2OF/4WHO3S2IF/2AYE5E2N1/RENAMES5EEK/12YAe/12OUR/7GIGLET1B CCGLNV?/DILLOTW 434/433 0 -lex CSW24
quality-20260730-b2-p040	2	CRAM3Q7/2AYENBITE5/8H6/5REPRIVES2/M7O6/UNGOT3n6/C2DANK1G6/OU1EXEATS2JOTA/IN3PYE3EF2/DI5FIZ1L3/1b7ABLOW1/1REDDLING2O3/HON7US3/OW13/I14 AAELRTU/AEIRSTV 419/426 0 -lex CSW24
quality-20260730-b2-p041	2	15/OHO12/1OH7VAW2/JOMON3KNUB3/1F5C2L4/DE1ADZ1L2G4/AR3ATOCIAS3/U2FA1OY2RIMAE/N1QUYTE8/TWIG11/E14/R2N11/STRIVeD4BEE1/3P3DANNIEs1/3SEXTILE5 AEEIRST/GIILOPU 386/436 0 -lex CSW24
quality-20260730-b2-p042	2	1I13/1N1A11/1VOGUED8/1E1I5H5/1R1O5AI4/1T1TUFT2JOY3/HE1A2I3NO3/Ad1G2VERLIG3/N2E2Y3ZAS2/B6R1ME1O2/O2LINTELED1D2/KUTA3C1R1WAQF/1POW3O1C2I2/7U4N2/7P2AXELS ABEIRR?/DEIMNSS 472/352 0 -lex CSW24
quality-20260730-b2-p043	2	G14/O4V9/EL3AVOW6/YE1QIN9/1P2FEH3F4/1R3SENARII3/1O2S1X3G4/1TAINTED2TILAK/1I2A1DA2R4/1C2R2U2E4/4L2N1BEZ3/W1THE2T1E1O3/O1OUR2i1N1I3/MONISM1n1J1C3/B1YA3G7 ADEELOU/ADEIPRT 415/413 0 -lex CSW24
quality-20260730-b2-p044	2	M14/ERA12/CONFUTER4R2/KET7H1A2/1DI1L5A1T2/W1B1I5Z1I2/O1O1T2VIVA1O2/O1DOUBTED1RUNIC/FAY1U1AX2d1A1O/1G2S5I1L1I/1E2E5N3N/1L2S5G3H/1E12E/1S12R/1sAPIENTS5E ADGLMNQ/EIJOPRY 354/614 0 -lex CSW24
quality-20260730-b2-p045	2	15/4J1TRONC4/4E2EVE1UG2/3BLITZED1MA2/4L3R2BY2/4EX2T2O3/2AUDIO4N3/3N2KEPT1ENUF/3H3HIOIS3/1QEEMA1SAW5/3A4STRAP2/1VOLAE5DICT/2REGRAtOR5/3DOF9/15 EINNSU?/AGILOWY 368/324 0 -lex CSW24
quality-20260730-b2-p046	2	7V3QAID/7UN2E3/3O3MI2ET2/3U1V1ST2MO2/3T1E2R1YAW2/3B1XI1OWO1Z2/3R1IN1U1g1E2/2CABLERS1H4/2AG2R3UP3/2T3T3REH2/2N3I3tEA2/JOINT1AG3OK2/2P3EL3YE2/7I7/7DONARIES ACDEILN/AFFGLOS 396/388 0 -lex CSW24
quality-20260730-b2-p047	2	SPIRUlAS3UNCI/E6TIZ2I2/A11Q2/L10JA2/IT9AB2/OR4GEEP1V3/NOH2BANDELET2/1pAYFONE3L3/1HE1OR9/1E2OK1A7/1S2T1WEXED4/FYRD3R7/L6U7/AMENDING7/W6O7 EGIOORU/CIMSTTV 445/381 0 -lex CSW24
quality-20260730-b2-p048	2	PlATINIC2OVOLI/E6OBVS1DOF/L1Q1A1ED3KEX1/E1UTU1R4A3/R1ERE1UMBRIL3/I1NO2D4O3/n1ATT1I4N3/E2HEFTY3G3/4A1E8/1ZINCOS8/4U10/2MAP10/1JAGS10/YAE12/AW13 DGNNRST/EEHIORW 340/385 0 -lex CSW24
quality-20260730-b2-p049	2	7PRISONER/6TA1FID1N1/6El5G1/6NO3DARB/6EMU4A1/6TIS4C1/2L4NU3FER/PIeTY1TORSIVE1I/2A3A1YA1OW1G/2T3L2Z1I2G/1JHATKA1E2L3/2E3QIN2E3/2R4BE6/2N3DEW6/6OX7 DEILMOU/ACEOSUV 328/416 0 -lex CSW24
quality-20260730-b2-p050	2	14A/14Z/5FROSTNIP1I/12EEN/12REE/12OK1/1OVUM7X2/QI2EUGE2SCOOT/5HUNG1P3U/8ORA3T/2IWI5N3E/4DAWNINGS2L/2AVER4L3A/1DIasCIA2E3R/LOTE3BADDY2Y ABEEILO/AFHJMRT 410/354 0 -lex CSW24
quality-20260730-b3-p001	3	7R1A3ET/7E1WOO1GI/7t2DYKON/7I6C/7E2UFO1T/5JAI1TRANQS/7N1U2OI1/7GRRRL3/9F1E3/8BY1A3/2DEBACLE2V3/UREMIA5I3/2NOO2VAHINE2/8WO1G1ZE/7PEDeSTAL DEMPSTX/AEIILST 434/362 0 -lex CSW24
quality-20260730-b3-p002	3	9R5/9E5/9T5/9A5/9I5/1MAC5N5/2GOLP3E1O3/3MOOED1RUBIFY/3AGILER2I1E1/5ST1OHIA1ZE/2HYPE1JEATS2N/2I4U6R/1FONTANgE5A/2I2BOAR5C/DISK1SOLANDEr1E GILNUVW/DETUVWX 303/349 0 -lex CSW24
quality-20260730-b3-p003	3	7FORGOiNG/CHEVY1BO7/AERO2EX7/FROW2A3DROIL/2T3KLUTZ4/2I3I1NOOB3/2C1W1E4EL2/DIAPAUSING1AI2/2L1R1T3DUP2/4M4QAt3/4T5MI3/3THEED3E3/7J3S3/7I7/7N7 EENRSTU/AEINSVY 464/359 0 -lex CSW24
quality-20260730-b3-p004	3	15/15/9P2Y1R/9R2A1E/9O2YEA/G8T3OD/JABS5E3NA/U2HENCH1A4P/2WEM1OAFS2ZIT/1GENERA3R1ID1/U2DUET3E1TI1/NAVS1VEX2Q2O1/F1E4IODUrET1/I1G7I4/T6BRANK3 CILMNO?/IILLOSW 270/436 0 -lex CSW24
quality-20260730-b3-p005	3	13H1/13Y1/13GO/1ILEITIS5GU/5A7ET/4BY3JEU2L/4U3XU4O/3PROTEINS3V/3INFO3O3E/2R1I2COMORBID/2EWE5N4/2EE11/2KA8PWN/3V3ARISTAE1/DERELICt2HONDA AMRSTT?/DFGLNQZ 420/442 0 -lex CSW24
quality-20260730-b3-p006	3	7F6G/7U2DAZER/6OSMIATE1I/3JOT1E3EX1D/4PEELING4/3NALLA4F2/7G1YOUR2/7EUOI1I2/12BO1/13P1/A6MASTHEAD/BITCHILY5Q1/A12u1/N6SINEWIER/D3VAUT7 ENORRSW/EKNOTV? 296/441 0 -lex CSW24
quality-20260730-b3-p007	3	5PEDRO5/9KEMBOS/10N1O1T/8GIFT1ZE/10I2AM/8LOX2PI/2W7E3N/2H3LUDOS2AG/2E3O1OU3n1/2R5C4T1/2E2LINSANG1I1/2VAHINE5FY/2ER3W4SAE/1TRAVE1E4UTA/3R3D4Q1D AABEIUY/CIJLNOT 367/369 0 -lex CSW24
quality-20260730-b3-p008	3	6REGrAFT2/1BOUJEE8/RIM1E1ZOL6/3LO5d4/3ON4UR4/3E5PA4/1DAROGHA2G4/QI1I3AVIONS2/3ES5N1T2/4P4WE1U2/4A4IT1N2/4N4T1ST2/2FAKEY4WE2/1CAREX5ED2/4R2DUCHY3 BDEIOTV/IIILLNS 455/398 0 -lex CSW24
quality-20260730-b3-p009	3	3A11/3U11/3T11/3O6f4/3G6U4/3I4WEN4/3r2ZOOECIA2/2SOAKEN2T1WIG/2O1TIDY2O4/2N7R2V1/1HAMULAR2S2EA/BONITA1H3APEX/2C2DRIBLET1PI/1LEAFY1N5ST/GISM3E6E DEEENRU/FIJLQRV 460/370 0 -lex CSW24
quality-20260730-b3-p010	3	15/15/12A2/7VIG1AW2/9AYU3/9YAD3/1fELLERS2JA3/2RIOT1PAVED3/2FEU1TIX6/1C3ZITI6/1R1WHAT1O1C4/BUBO2HENRIES2/1MINGiER2N1T2/OE1TED4Q4/UN2RELINES4 DOOOOPS/AAEGILN 355/440 0 -lex CSW24
quality-20260730-b3-p011	3	15/1U13/1N5WITING2/1RIVERBED6/1A2N10/1Z2F7G2/DE2R1PEGH2E2/AD1COVET1MAHMAL/Y3S7I2/S1APER1REQuINTO/A1WINO1E4O2/I1OX1L1C4U2/L1K2L1I4S2/2E4T7/BUNT3E7 AFIOTY?/ADEJOOR 429/382 0 -lex CSW24
quality-20260730-b3-p012	3	3Q7CONE/3U3R2BA3/3I1G1U2ENG2/3N1R1B2HER2/3ERE1I2O1E2/3SeX1D1JO1A2/4N2I1IF1T2/DAIKO1PUTZ5/4V1Um7/1TOOARTS7/4T10/3WE10/3A4FIAR3/3L2PEATMEN2/3YCLAD3HOLS AEEGMNO/DEISVWY 444/354 0 -lex CSW24
quality-20260730-b3-p013	3	ROWDYISH7/1MORON1OAK5/1SNY2NIXIE4/3ST4FLURR1/4I10/4B10/2V1I2AUTOPEN1/2ATAATA7/2L12/2G12/2o2BINGLED3/VAUNCED3MOUP1/2S2EEEW2GHI1/5FAE1JOE3/15 ACEIIOQ/DELTTZ? 381/463 0 -lex CSW24
quality-20260730-b3-p014	3	5A1J2G2AS/4PI1U1MY2GU/2TRANQS1IN2AB/4V2T1sIR2C/4I4TEE2L/2CROTON1O1V1PA/4U1YOWL3AI/3WRIED1DEFORM/6ZEE1FEH2/11HOIS/5DILATES2A/14L/14U/14T/14E BGIORX?/DEEKNNN 411/340 0 -lex CSW24
quality-20260730-b3-p015	3	P6A6M/U6E6U/B1INSNARER4R/CAFE3A6E/O3SWATTINg1AX/1QAT3I5J1/2BEELINED3IF/4N2GLAIKS1O/4V6YIRR/4O2D1HIE2D/4Y2E2L3I/7VOULU2D/6ZO7/6AR7/6PE7 GHNOOTT/CEEGMOS 351/398 0 -lex CSW24
quality-20260730-b3-p016	3	7H1Q5/1C2LUNARIES3/JIMP3R3T3/1T1EUCaRYOTE3/1R4BOUDIN3/1I5W1AGOG2/1N5E7/WELTED1REPAY3/1S2FEH1AIDOI2/6MENU5/7V7/7ZAS5/7OXO5/7N1D5/LETTABLE7 AAEGKOV/AIIINRS 259/556 0 -lex CSW24
quality-20260730-b3-p017	3	LEAF7W3/1DIARIES1S1I3/7COPECK2/1BONG1NANA1H3/MO2IMAGERY4/UR2FY3I5/TE7D5/EH1PULQUES5/1O6N6/1L6J6/AE6O6/T7IT5/I5W1NAV4/G5U1EXO4/I2BRAZER1L4 DDIORST/AEOTV?? 407/385 0 -lex CSW24
quality-20260730-b3-p018	3	14f/9PITTER/14A/14G/14I/1AIERY8L/3WOOD7E/INSEEMING2FURR/8OU2N2/7BAG2C2/3ROQUE3DAFT/JOLE3HUTLIKE1/1RIVO1ZE4E2/WAB3EA1POISHA/6ED5OX AAMNTT?/CDLNNSY 395/350 0 -lex CSW24
quality-20260730-b3-p019	3	7OU6/3ACOLYTHS4/9A5/JIBE1F3N5/3ROADbEDS4/5Q3A5/1T3I3X5/1R1PeRLITES4/1IWI6A4/DO8N4/EL2PUG3T4/MERLIN1ZYGON3/ET5O2O1AWN/AS5R1BRUGH1/N6I4OAF AEEIMVV/CEEEITU 374/407 0 -lex CSW24
quality-20260730-b3-p020	3	E1Y12/G1E6YU2R1/MEL5ZARAPE1/ALL4Q1EA2W1/1I2G2IO1N1NA1/1CHIRK2V1I1AX1/1I2I3O1N1V2/AT1WErGElTS4/BON1F3O6/ORE12/U1PO11/N1OF11/D1T12/2I1IODATED4/NICHT10 BDEESSU/AJLMRRU 387/387 0 -lex CSW24
quality-20260730-b3-p021	3	3NEUTRON3V1/6A6E1/6BUDIS1UG1/5HEROSHIP2/6R5L2/5QI5A2/5IN4MY2/6GEY2A3/7WO2N3/5JEED2U1R1/4TAWSE2B1AD/4OIK1LATRINE/2FOP6I1IT/pLERoMA4A1NO/13EX ACEIOTT/CDEGLSV 294/489 0 -lex CSW24
quality-20260730-b3-p022	3	7V6T/7ID5A/7NE5M/4P2OW5P/4R2SODOmITE/4OB2R5R/4LI2M5I/L2FICHES5N/E2AXE6Q1G/V2R8U2/I1KI8O2/G1ON8I1Z/AYAH8F1E/TANA4LAUDERs/EE1SENSUAL2D1T EGIORUY/ACENTTW 309/526 0 -lex CSW24
quality-20260730-b3-p023	3	3GOSPODA4F/9GRAVEL/11L2A/3E6NO2K/3XI4TEW3/3ON4HAE2M/4F1R2IT3E/3VOLED1OH3N/4R1ZA2E3G/4C2TOURNEYS/4E2A2D4/QAIDS2R6J/U6I6E/I6AYENBiTE/M6S6L BCIIOTW/AIINRTU 473/444 0 -lex CSW24
quality-20260730-b3-p024	3	14S/14T/4G9I/3QI9P/3uR9E/3ER9N/JA1A8KID/ID1ZLOTE3FOOS/BABY3LOWPASS1/1GU2VUM7/EEN12/X1CONARIAL5/I1O5DATIVE1/N8HAD3/GELCOATs2TERFE ENOTUUW/EEIMNRR 391/441 0 -lex CSW24
quality-20260730-b3-p025	3	14T/9SOOGIE/12A1E/3BORTZ4U1V/SPOOF2L4C1E/H6O4I1E/U6T3NE2/N5VEHM1A2R/9YIRK1E/5AREIC1R2A/1FLAWN1N2QAT1M/7J3TODY/1AURELIAS2EXO1/7m3DIG1/7B4N2 ADEIILT/EGPSUW? 395/273 0 -lex CSW24
quality-20260730-b3-p026	3	3CHAGA1PLEXOR/1I1ROW3R5/1V1A5O1F3/1I1N5B1I3/1E1N5i1C3/1DAY5T1T3/2L3FOGY1O3/1TEMPTER2ER3/2U3WEEKEs3/2R7L4/1BOOGIED2EH3/QINS3A2DA3/U1E4V3U3/I6I3L3/T6T3M3 AADIINO/AEJNSUZ 257/506 0 -lex CSW24
quality-20260730-b3-p027	3	T12UG/I12NU/T1P9OPE/U1Y9OR1/L1N5TAB2A1/EWE2M3WOODY1/1A1A1I1TOEBIES1/1R1COXAE7/1A1H1I9/1G1A1ESCOLARS2/1IRe1R1o7/1SON3Z7/2KI2QIN6/1DEATH1E7/MIR4D7 EFFGIUV/EJLLNTV 406/350 0 -lex CSW24
quality-20260730-b3-p028	3	5GUP7/5ONE2C4/2R2BAWL1A4/2E3B1O1F4/2H2FA1WAE4/2ER1IT2E2T2/2MESNE2G1GI2/3JO1DAVY1UN2/3OR2n1OPED2/3NO2O2AS3/3ER2D2UT3/3OI2Y2AE3/2Z1A2n3N3/SHEDLIKE7/TIX4S7 AILQRTV/IIIMNTU 401/396 0 -lex CSW24
quality-20260730-b3-p029	3	11T2P/5I5R2U/5C5OF1K/3A1E5DIRE/3JOB6COD/3I1A6IO1/5L1MANRENT1/3WELLY5SH/3E1S7IO/3I8ZEN/3GROVY4URE/3H8P1D/1QAT1BOWIE2A2/OI5inFAUST1/X2GIANT7 AEEGNRT/DELNSUV 311/442 0 -lex CSW24
quality-20260730-b3-p030	3	7D7/7O7/7I7/3ZEN1N3V3/4WAGGED1U3/5F3ORGIC1/5FLOOEY2U1/ABORTS1MISAVERs/13DI/1JOR1KILP4YE/1OBESE8N/2ENTASIA2EMIT/8LATHI2/6ROUX5/4WREN7 ADLQTTU/ACEEIN? 363/339 0 -lex CSW24
quality-20260730-b3-p031	3	15/15/6UMU1C4/4VERATRIA2C/J9G2AH/O9G2YO/U9I1Q1L/R4BUG2EZINe/N3FERuLES3N/OOIDAL1LAW4T/4V4KHET1S/FOXIER4IDEA1/OBIT1A9/NA3M9/E4POWND5 EEIPRSY/ADEEIST 379/360 0 -lex CSW24
quality-20260730-b3-p032	3	7DOLEFUL1/6MOOI1I3/6OOR1AN1T1/QUATRES2APO1W1/4O4UH2I1/4N4MA2CH/4D4IN2EE/4E1GARLIC2L/4l5TYE1I/4E2S1ZETA1B/4T1VAVASOR1U/7N3NEWs/7I4DI1/7F5G1/7Y7 DEEGJRS/AEINRTX 374/405 0 -lex CSW24
quality-20260730-b3-p033	3	14V/3J10I/2QI10F/3H10D/2FAB5PURDA/2ADO3EME4/2N1OM1PROSIER1/1AGGRaTE7/2L2T9/1HE2ZA8/1AS1CAA8/1OS1O1LENTIGO2/4V3YONIS2/1EUOI3EWT4/3KNURR2IXNaY CDEELLT/AEEIITU 354/425 0 -lex CSW24
quality-20260730-b3-p034	3	ANEMIA9/HYE1STODGIER1V1/11E1E1/11C1S1/4FORhOOIE1P1/3TAW2WINN1I1/3I7T1D1/QUAT2GUTCHERS1/3UG5AR3/3LA5R1F2/3EL5P1I2/3SI4JYNX2/4L7T2/ZEK1E10/AMOVE10 ABDDEL?/ABINNOR 416/488 0 -lex CSW24
quality-20260730-b3-p035	3	GUFF11/3I5M5/1NAN3EXEMPT2/1OBI5R5/VAR1UNTRULY4/AHA6I5/N1Z1R4N5/T1OVErCUTS5/4G10/1GOORIE8/1I2A1DOOLEE3/ED1ITA1PEASE3/E1BLOC9/E1YERK9/W2A11 AHINSS?/DDILQTW 383/336 0 -lex CSW24
quality-20260730-b3-p036	3	CRY4HANDFED1/2ALIASED2L3/11US2/10WEE2/10H1M2/10I1I2/8JOG1P2/6QUAY2R2/1AGOUTI1WEN1OE1/1BI6ZOA1V1/2fLOTANT1XI1I1/KOTO3A5R1/7I3CRAN/7V5t1/7E1TEGMEN EENOPSU/BEFLRRS 378/426 0 -lex CSW24
quality-20260730-b3-p037	3	5CHINA5/9GLINTS/10O4/10TOP2/10OOR1G/9V2UDO/8QIN1HEW/5ZEE1LUV1EF/4YAWNED4E/3MOPE6AD/2REB8U1/JOES2BARRAGED1/E1FATLY4IXIA/ALT10OR/T13M AEIIRT?/IINNSSU 358/330 0 -lex CSW24
quality-20260730-b3-p038	3	15/1E12B/1Q12a/CURDED1M2BEVER/1I2nOTITIAE2O/1D5S1FAW2N/A1F2P1R6E/NAIN1AMU5AT/O1ZATI1L5ES/R2G1K1E5R1/ER1G3D5O1/XU1Y9G1/IT6VIELLE1/AH11L1/11JOSH INNOOPY/CENOSTU 383/370 0 -lex CSW24
quality-20260730-b3-p039	3	7FOOTROPE/7R1WOE3/1COT2KITENGE2/2FEZ2U7/3NIHIL7/1VEENA1A2G4/7n2o4/B3JIAO2M4/A1QUAD4B4/VAIN6E4/I3I5E4/N3W1ELUANTS2/SORRIER3S4/5XED7/7AYU5 ADILRSY/CDHLMPT 393/405 0 -lex CSW24
quality-20260730-b3-p040	3	AB1DIEHARD3TI/ER7E3ON/1E7P2NOD/1t7E2AKA/1H7O4B/1ROGUIER1P3ZA/1E5ILLUVIA1/1N2TEFF1EN2XI/3JOW4M4/2MoTTLER1O4/1GIG6U4/3SIROC2N4/7L2T4/7A2S4/7W7 AACOQVY/EEINSTU 500/309 0 -lex CSW24
quality-20260730-b3-p041	3	7DISARRAY/3E3U7/3V2POM6/3O2EMU6/2DEFACING5/1QI1I9O/4B9R/1DEFRAgS6N/3YO2T6A/3T3U6T/1WATE2R6E/2ZEX2NEONATAL/2O1O2I6y/2I3UNSHALES1/VICED2E7 GILLPRW/BGIJKOT 486/365 0 -lex CSW24
quality-20260730-b3-p042	3	2ATTERCOP1E3/7O3N3/6KO3T3/5TAE3R3/5AWE2VEHM1/5JAI1R1A3/1B4UN1E1T3/1R5GAMAY3/1I7I2R2/1D3GEY1G2E2/1L2SUDATIONS2/1I1QI4A2O2/UNFINE3L2L2/1g3XI5E2/7POUFED2 CHOSVWZ/BEILOS? 456/403 0 -lex CSW24
quality-20260730-b3-p043	3	15/15/2A8U3/2T8N3/2Y1WAX2LID3/2P2JUN1ONO3/2ILIA3OBE3/2COORIE1NURS2/7R2R1E2/3C1QUOIFs1E2/1DRAT2T2T1D2/3V2BIGG2I2/2TELLYS4E2/1PIA3E1VAIRE1/MONTaGED7 AEHKMSW/AAFHOSZ 333/387 0 -lex CSW24
quality-20260730-b3-p044	3	7C6L/7O4B1I/7G4L1D/1AMIANTUS2PEDS/W1I1YU1E2KAWA1/I1T6QIN1F1/R1T5EARN1T1/E1E3CUNT1E3/w1N5F6/ALS4HEX5/YU6V6/1G5ZEL5/1G5ARO5/1I3JOR1B5/pEPERONI1O5 ADIOORV/DEHIMOS 469/330 0 -lex CSW24
quality-20260730-b3-p045	3	15/13J1/10FOVEA/12EE1/11BEZ1/10MARE1/7OILERY2/6QIS2S3/2KIRRI4T3/1G7V1O3/BOURN1ATHETOID1/AA1EUOI2N1L3/CLAW1RAGGIEsT2/HI2OF3N2W2/AE1UNSoOTE2P2 DDELSTX/CDIMNUY 234/512 0 -lex CSW24
quality-20260730-b3-p046	3	14L/1sMASHUP6A/3LOOGIES4X/T1CAZ4T4E/W2NID2QIVIUTS/ALIENOR1AE5/NE4OOT6/KA1BEDEW7/1F5TERNING1/1M13/1O2ThYROID4/ELUVIA9/1D13/1SYNC10/15 EEEHJOR/AAGIPRU 332/528 0 -lex CSW24
quality-20260730-b3-p047	3	7P1POINTE/7I4O2/6JOW3U2/7T3AN1T/7E3C1OE/5WAD1Z1C1HA/5EE1FAvISMS/3QuARRY2DI1E/3U1LA4EXO1/3O2T4N1R1/2GIF1I2HOT1I1/2UTA1N1VIDS1G1/2B1B1G6A1/13N1/10KEVEL DEELMRU/AEILNRS 359/427 0 -lex CSW24
quality-20260730-b3-p048	3	15/2Q12/2U12/2I12/2T12/1FEUS10/2D1W1O8/3FAIRY2W2TI/2V1L1GAMBEtTA1/G1I1L1A2AXOID1/U1ABY1N3E4/R2L2D3DELT1/RESORCINS2NOON/ATOC1HE2VEePEE/H3JISM5AT EIINPRU/AEEKNOZ 336/360 0 -lex CSW24
quality-20260730-b3-p049	3	LEDGIEsT6M/IF3FEH1D2ZEA/6COVERLET1/D2TEA1R1G1OPAL/O1Q1WHENUAS3A/GUINEAS2MY3B/C1N3KI1IN1JOR/A5YOUsE2XI/R12OD/TORTIVE8/15/15/15/15/15 AIINORU/ABELPST 388/420 0 -lex CSW24
quality-20260730-b3-p050	3	7GULFY3/11ED2/11BI2/11OS2/10M1L2/B6STEANED1/E4Q1EA1U1A1V/N4IGGS1Z1V1I/JAW3OOH1Y1EEN/1DEIsEAL5NA/3DOX7A1/WIRE1OE3TRUCK/A5MURL3T1/I12O1/T10FIRS HINOPT?/AENOPRT 351/400 0 -lex CSW24
quality-20260730-b4-p001	4	7V3HOGG/7A1FUERO1/2NAYWORD2T3/7L3t3/7E3I3/7TAP1E3/8HOBS3/7VAW2PYX/7I2L1A2/6FADEOUTS1/4GIE3C1E1R/7JUNKANOO/10N1T1U/7REQuIEMS/2BRIDIE2T1E1E CIILLMR/AAEOSTZ 380/337 0 -lex CSW24
quality-20260730-b4-p002	4	UEY4MALARIAS/GREET5N2HI/2SNOOD1WILGA2/3EPHEBE1AUREI/10C4/4PLUM2E4/6GOOKS4/OF5UN6/1AIDANCe7/EXO1V10/4A10/FAIRIEST7/R3L2R7/I6E7/B6Z7 DINTVY?/EJNOOQT 375/398 0 -lex CSW24
quality-20260730-b4-p003	4	5E9/5WOP3J3/5THE2LAV2/6ER2OMA2/1O4DI2V1K2/BE5N1WE1I2/ES5E1AD1L2/ET4BAOS5/1R5L1T5/PA7A5/EL2QIGONGS4/C1MUID1RUEING2/HOUT6D4/ARTERY4A4/N4UNAI6 FIINTXZ/FIOOSY? 359/318 0 -lex CSW24
quality-20260730-b4-p004	4	8PICRItE/6HOOF3I1/10QEEMA/8N4A1/4EPIGONE2R1/5I2D4A1/5EF1D3OU1/5TOyLANDS1H/5AL1I3SOU/6L1N2WEXE/6YAG2AT2/7Z1G1WE2/2JIB2O1Y2R2/4OK1T1M5/3DRIVERS5 ABCINTU/AERSTTV 353/409 0 -lex CSW24
quality-20260730-b4-p005	4	12JOY/12A2/6TAW3G2/5CEMITARE2/7UNITER2/5Z5U3/3POOF2R1R3/3ADIEU1E1G1KY/3S1S1HOPLITE1/3S1M3L1NEXT/2AA5E1g3/2UG5V5/1FAe5INWORN/1I1D5N1OBE1/1T9NODE ADELOSV/BEIILQR 427/325 0 -lex CSW24
quality-20260730-b4-p006	4	11DIRE/1A6COZENED/1N7BUNG2/1T8FY3/1I8O4/1JAGs5L4/1ADIPoUS1TO4/MM2A2IWIS4/4REI2N5/4KAS2YOW3/3DINO3OH3/3OE1L3RE3/3UR1A3IT3/3C2T2PE4/LATEENER1O5 ABEFLSV/GIQRTUX 315/493 0 -lex CSW24
quality-20260730-b4-p007	4	6ReSTRIVE1/COElOME5IF1/12O2/7W4L2/7ARTIGI2/W4J1I4N2/A3DO1N7/X2PACHA7/I1G1LO1G4B2/EQUAL2E4L2/RES1OF1SUNKIE2/1EH1PI6N2/1MY2V6D2/ZA3E9/O2TURNT7 AABDEIY/DENRSTT 348/311 0 -lex CSW24
quality-20260730-b4-p008	4	13PA/12BAY/2G8MYC1/2R7JOLE1/2O1K5IWIS1/2V1N5N1N2/1RELIqUE2N1E2/2T1V2AUDITS1A/3DE2RHO4S/3U5WAGGAS/2QUOP4BOI1E/3M10Z/1DEvIATOR6/2LITHE8/3R2FIE6 ACEENNT/AEILORT 386/376 0 -lex CSW24
quality-20260730-b4-p009	4	15/15/2G12/2R12/2O1B10/1QUOIT1POZ2I2/2F1L1EEW3M2/3WATERERS1B2/4YALE2I1A2/3DEV3AR1L2/4R4IT1m2/1DENSITY1NUTs2/HAM2NOO1GIO3/AEON5ANE1XU/P5VIDS1AKIN ACDEGLR/EFHISTU 450/311 0 -lex CSW24
quality-20260730-b4-p010	4	SERRANID6M/7e6u/3N3R6R/3I3I3FUCI/3QI2DOWDY2A/3AL2I6T/3BI2N6E/4AJUGA5S/4LOG1WIT1B2/10AVYZE/9UM1KO1/3LATHIER1HEN1/2POTEEN3ODE1/4EX5V1S1/11E3 CEFGOPU/ENOORST 434/395 0 -lex CSW24
quality-20260730-b4-p011	4	7T7/7E7/7M7/7P7/7o7/3COVER7/1AUA3A6R/QI1WAMBLY4YU/U1JEDI7OF/E1ADOZE2G3DO/E1W3STARLeT1U/N1AL5O1FEDS/2NA3N1T2XI1/3R3E1T5/HEINIE1BLOOPIER AGHINST/CIINOSV 308/402 0 -lex CSW24
quality-20260730-b4-p012	4	4G7HOB/4OP6OKA/4XI6NEW/5N6G1T/4FE8I/4OY2OVERAGE/4U1JOUR5/3ULNAD1OCICAT/4E1BANT2Y2/12T1M/7A1THRIVE/7Z4S1W/7OILERIES/7L6E/1SQuIRMED5D FIILNSU/AAEENPT 412/295 0 -lex CSW24
quality-20260730-b4-p013	4	7G7/7O1L5/2JUTE1L1E1H3/QUARE2E1V1O3/4SWAMPiER3/6G2T1MO2/6U2A1OX2/3TABID1T1NE2/6Z2E1ARD1/5HE4L1I1/4TO7n1/3BIKING4E1/ONIONED6R1/4NY7I1/WASPY5SAICE FILORRU/ACDEFIN 443/294 0 -lex CSW24
quality-20260730-b4-p014	4	3UNHAILEd4/1TUG1U1DIXI4/4QI7C1/4O2WAWA2R1/4R1POSEABLE1/4M8O1/3TA2NITINOL1/JAVA1MUON3FIZ/3B2TYKE3S1/1FLaNGES5E1/3R11/3D11/2HERO9/1REDEYE8/15 ACDEPRV/AENOSTT 416/389 0 -lex CSW24
quality-20260730-b4-p015	4	3NOVERCAl4/1KNOP2E1PUG3/3DEVIATORY3/UNAI3L3T3/4G2T3R3/1Q2A2O3A3/1U2L2N3s3/1I1ZOWEE1MEHNDI/1TRACERS7/BE2H10/U3E1LENTIGO2/B1AIDOI8/A14/L14/S14 AIMRTWX/DEFIJSY 346/409 0 -lex CSW24
quality-20260730-b4-p016	4	12GO1/12oX1/11LOYS/7S2EON1H/7T2EWE1U/7I3NY1T/7B2REs1T/7IVIED1WE/7N2H2OR/3BUGLE1JA2O1/2VIGIAS1ARC3/10DA3/AURUM3CLEFT2/P3AZIDE1N4/P3REFOLDS4 IMNNOOT/AEIIKQR 453/375 0 -lex CSW24
quality-20260730-b4-p017	4	7NOTARIsE/13P1/8CIG2I1/7BARElAND/6EATEN2A1/4YIRR5G1/8V1B1DEF/7COTIJA1A/8Z1NOW1V/8H1K1TOE/2FUGAL1D1ST1E1/3POWINS2R3/2LOX5HAUD1/11N3/11QUIM EEEORTU/EILLMOS 406/352 0 -lex CSW24
quality-20260730-b4-p018	4	7O7/DZO1M1OUTLINER1/1ANTIDOTE6/1GO1N2N1V4P/4i2A1ES3I/4S2M1XU3A/4T2E2BABUS/4R2DOOLY2T/3FY3KOA3R/3R3WEFTS1PE/3A6EH1A1/3G6DE1I1/3I7A1N1/3L7V1C1/3E7E1H1 EJLNQUW/AEGIIR? 439/417 0 -lex CSW24
quality-20260730-b4-p019	4	WE3F9/AX2JA9/IO1GUV3P4Z/1D1ODA3T4A/1E1LO2FREEBIEs/1R1L2C2R4T/1MAE2I2Y4R/2GREININg4U/1PO3Q2I4G/1E7A3KI/VAWTE8A1/1C2NOTIONS2S1/HE11E1/AD11S1/O14 ELMNRSU/DHINOUY 360/401 0 -lex CSW24
quality-20260730-b4-p020	4	15/11T3/9R1R3/6YAGE1I2U/7T1E1c2N/7WOF1L1OW/3S1ZOAEA1A1Ee/FENT2XI1BIDS1A/3E1ION1L2C1R/3D5E2ABY/3D8RE1/3I7CINQ/2MEITH5ET1/3S1OU4PROO/5DEVOLVE1SH AGILMNT/AGIJKPU 391/373 0 -lex CSW24
quality-20260730-b4-p021	4	10EDIFY/9G3I1/9AB2N1/9PEC1G1/10NO1A1/10JO1N1/2R7ELDS1/2U3MERKS1I2/2L2MAW4D2/2L3NTH3O2/2I1IWI1ATOP3/QUOIT1CATERER2/2n12/1ASSEZ2NEUTRAL/5EXtERNE3 AGHIIOY/BEFOTVV 414/371 0 -lex CSW24
quality-20260730-b4-p022	4	11GALE/9ZOAEAS/11B1R1/4s4TOY1R1/4QI3OM2U1/4UN3YO2P1/4I2R2V2E1/4B1JAVAS2R1/4b2S1R5/2THEW1H1E5/2AUREOLED5/FAWN3I7/4TOOK7/3TAXIED6/LOGIE3EDUCING CEEIMNS/DFIINPT 296/417 0 -lex CSW24
quality-20260730-b4-p023	4	15/15/15/15/3JOEY3U4/5DARLING3/3A4O1HA1A1/CUING1CWM1AZOLE/3O4A1IO1I1/2FRISEES1LOPE1/3EFT1N1PE1IN1/3X3V1AD1LAG/3i3Y1W2IT1/1TRAIT3K3E1/4DEBT2QURSH BDEIRSV/EMNORT? 356/418 0 -lex CSW24
quality-20260730-b4-p024	4	15/13C1/2REDLINE4A1/8RILIEVO/9NOONER/3DROUTHS3A1/10BEETS/7AECIA2W/6FAD1G3E/5KI3T3R/2EVZONE2IT2F/4ANGA2Ma2S/6A3EL3/1BRUX1N4A3/3PIGSTY2Q3 MOOOPU?/EHIJLTY 322/278 0 -lex CSW24
quality-20260730-b4-p025	4	3Q3M7/3U3AH2R3/2GAZOOKA2E3/3RE1BONDUC3/3EX3T2A3/6FELDGRAU1/5C2E2R2W/3BIOTAS2I2I/3I1W5E2L/3T1P5D1HI/3S9O1/3I9O1/2DEMANS5V1/3RETYPING2E1/7AN1OVERT AEJLNUY/EFILN?? 430/337 0 -lex CSW24
quality-20260730-b4-p026	4	11Q2P/10ZINGS/9WANE1T/7BOOBS3/10R4/3E2V2JAp3/3U1NOX1O1R3/3G2LIRI1EUOI/3E2K2N1F3/3N7A3/RADIOED1HUIC3/3C1EUOI2E3/6ReDFISH2/TALLAGE1EAT4/4TIDY7 ELMPTWY/AEMNRST 392/344 0 -lex CSW24
quality-20260730-b4-p027	4	7POO3DO/7lOU1G1IN/6JAP2OWN1/6AG1L1WETA/6MU1ELFS1T/4LOBI1XI1T1H/4A2EDIT3E/4V2RUSHY2I/1C2A3N1I3s/NAVIGATES1F3E/1Z2E5Y4/AIRNS10/1Q13/1U13/BERM11 ADENRRT/CDEEKLO 314/440 0 -lex CSW24
quality-20260730-b4-p028	4	1T9J3/1H9O3/1I9R3/BENE7SI2/1VAMP2E4D2/KI2AZON4I2/EN5S4O2/AG3WHIO1XEBeC/7LUAU1L2/6VARY2A2/7G4S2/6DEERLETS1/4DUAD7/1EQUITY8/FLITT1sCOPING2 AAEOORW/IMNNORT 382/401 0 -lex CSW24
quality-20260730-b4-p029	4	3PROBE7/2G1A8JO/2A1R1Y4UFO1/2L1I1EF1VINEWS/2ANTIWOMAN3E/2B1I2R1U4C/2I1E2N1L4T/2E1S1VINT4I/2HE3C1ES3O/3A3A1DOD2N/3G3L2XU3/3E7R3/3R7O3/3l5QIS3/3Y1KHAZI5 ADEEGT?/AELMOPT 380/415 0 -lex CSW24
quality-20260730-b4-p030	4	KOP3BAEL5/1MONTRES7/2R3SHROVInG1/2T7IT3/2A1E5BA3/2L1SQUARER4/2E1L5I4/2D1O2ALOOF3/4Y3I1NEG2/4N3G2DE2/4E3A1HEN2/8T1AXE2/7AI1W1T2/7JO1E2ZA/7IN1DOWED IINSTY?/CFMUUUV 361/457 0 -lex CSW24
quality-20260730-b4-p031	4	13UM/13HA/14L/14W/13AA/13R1/2VEX1C5BI1/3RIVAL2CHELA/1PIRS1U5EL1/5OK5FA1/3GOOSY5T1/2QI3OUTGONE1/1DISTAIN3WUD1/TINT1GOIER5/EF2BENS1EARDED EENNPZ?/EIJMOT? 333/388 0 -lex CSW24
quality-20260730-b4-p032	4	10EVICT/7P5L1/2L3JAW4A1/BRANK2N5D1/E1R1APATITES1I1/R1U4O1AMIAS1/G1M4F5T1/E2HAZILY2Q3/N1EIDE1E3U3/4OXO4I3/6SURFING2/1BOVINEs3O3/8WORSED1/15/15 AEEEORT/DGHLNTY 316/455 0 -lex CSW24
quality-20260730-b4-p033	4	7S3VOLT/GOEL3A3OPA1/1HEAVE1T3TEC1/COND3U2FENS1/O6R2L4/R4QIN1WO4/M1EUOI1I1UG4/l5BIRD5/EW3BOD1U5/TI2HYP8/1ZITE10/LATEX10/1R13/1D13/ASININE8 AAEINRY/AAEFMS? 334/421 0 -lex CSW24
quality-20260730-b4-p034	4	ZA2L2I2G1ACK/1HOBO1INDRI2A1/1ALOO2FE1D1AW1/2MOI2aX1JUVE1/3NE2N1PE1ID1/3I1V1T1OE1D2/3E1LARNT5/3SNOWY1B4N/5G3O2Q1I/9I2U1T/7CULT1A1R/9SAUGHY/12S2/15/15 EFIMRST/EEPRRT? 330/388 0 -lex CSW24
quality-20260730-b4-p035	4	11QUOP/11U3/11ETH1/11ERE1/10KNUR1/7C2A1ID1/7U2B1S2/7ZAG2MIG/8WINDS2/6HAAF5/3JIBE7T/2VAT1MEdEVaC1A/6PLOW2ION/ADORERS5OFT/LODEN2TRIGON1I AEEINXY/AEILRTY 389/368 0 -lex CSW24
quality-20260730-b4-p036	4	7V6P/7I3G2A/2T4X2JAW1Y/2A2BIER1APO1E/2U1BINNED1YODE/2H5C1V1LO1/2O4QI1O1EFF/2U3TUTELAR1R/2ST3OE1T3I/3A1GED1ZA3A/3CRONS1OI3N/3T5ES3D/9AMIE2/9L5/15 EINRU??/EGLMNSW 435/251 0 -lex CSW24
quality-20260730-b4-p037	4	7O3FOPS/7OM4H1/7FE3TO1/3Q4R3IN1/3U4G3BE1/2TINCT1EH2ID1/3C4EE1JA2/3KAZOOs1GULAS/4RAX4B3/5PONY2A1V1/7AUDITEE1/1RUNDALE3E1N1/2GAIT7E1/13W1/10WYLES EIIMNRV/ADILRS? 395/360 0 -lex CSW24
quality-20260730-b4-p038	4	5PHIZ6/8APNOEIC/14A/14R/11U2O/4V4QIN1YU/3IO2AJI1L1AS/2UNLINE1SMIDGE/3LA6S2R/3ANY3E1T3/2BITO3EWE3/1TOD5WAD3/1EX2FARM1B4/1T2CEREOUs4/1H5FIG5 AEEKNRS/DELOTV? 323/423 0 -lex CSW24
quality-20260730-b4-p039	4	13QI/3D1BE2ZA1OI1/2MEGOHM1IN1L1D/3L5GAUFER/3V1T4S1A1U/3ECH6C1X/4OI3N2T1I/3WOO1BLOOKS1E/2JUN1AYIN1U2R/1WANTERS1G1L3/3NY6F3/3E7I3/3R3AEROsAT1/15/15 ADEERST/DEIPPV? 378/355 0 -lex CSW24
quality-20260730-b4-p040	4	13IF/2Q6JAB1NA/1MA5REZONED/NUTTY4SUN1RE/1L2GEOLaTRY1T1/1C1COW4I2I1/1H8E1GAG/6EPEES1ISO/6MOWA2R1A/5NUDER2O1L/9DOH2I/10PIU1E/10ANTIs/15/15 AADKLVX/BEIORST 342/419 0 -lex CSW24
quality-20260730-b4-p041	4	13YA/8JANNIES/9T1OOR1/2VAWTE2R5/5ALOGICAL2/9PI4/4P5T3N/3HAZED2AR2o/3ET1XI2DO2C/3UT2MEVEs2E/3GI5LIB1N/2WHELM4NU1T/2OSSIA4EFFS/11DOO1/13Y1 AEGINOR/DEEQRRU 369/381 0 -lex CSW24
quality-20260730-b4-p042	4	12ZIP/5SOLIDATEd1/5OP1OORIE1C/5LI7H/4FeNDERS3I/5ME5QIN/5N1AETATIS1/5EWW2RAN2/4OR9/4V10/4U2FLEY4/4MORAINES3/7D1EXIT2/1OUTLEAD7/BUG4Y7 AABGGKV/CEJNRTU 324/374 0 -lex CSW24
quality-20260730-b4-p043	4	14K/13LO/13EW/8EMETINS/4INERTIA2T1/3COY7OU/G1JO2DIOTA3R/L1OR2INWITH2B/O2AGUE1OLEA2A/V2C10N/EM1L10E/1APE10R/1GU12/1IF2ABASINg3/2FUNDER7 AHQSTXZ/DEEIRS? 372/350 0 -lex CSW24
quality-20260730-b4-p044	4	6JEHU1Q3/1ANTICAR1N1IN2/2I5GAD1O2/2T5EWE1N1H/2R4FLAX1S1O/2I4A1R2K1N/2C4B1E2I1E/6sUASIVELY/7R4R1P/5V1D6O/5OBE6T/5WIN7/1EAU2Z8/1LIGATES7/6SOUMED3 AEGOOR?/DFMOPTT 415/453 0 -lex CSW24
quality-20260730-b4-p045	4	UR9Q3/LO9A3/AVOW7D3/ME1OBOE2R1I3/AD2I4IFS3/4V4ZE4/4I3FAENA2/1M1JAUNTY1DOXED/1AUA6i3I/1T1WINTLE1N2BE/1R8G2IT/1O8S2OH/1N12E/1A12R/1L5dIETHERS CENPPSU/CEGKORT 459/341 0 -lex CSW24
quality-20260730-b4-p046	4	A6Z7/D2O1J1E7/VILIFIER3G3/E2DEG1O2QI3/WE1ITS4AE3/1R1AI2DITT4/1U2C1XU7/1V1WHAUP5BA/2FOE3TENdRON/1KO1SAPpILY4/1ON7MAG2/2N12/CLEANOUT7/2D12/15 BEILNST/AEORRSY 375/326 0 -lex CSW24
quality-20260730-b4-p047	4	7ATAXY3/8U4E1/2RETEM1L4V1/3AEGIRITES1AM/2ORDO2P2O1DA/7NAZIR1EN/8N2A1RE/3BIzJETS1LOST/9UG1U2/4UNCORKING2/9HE1h2/10D1L2/12I2/9VIBES1/11ODIC AFFIOQY/AEHNOWW 370/424 0 -lex CSW24
quality-20260730-b4-p048	4	4T10/4A10/4B6BEET/4U2RENAILS1/4L5J4/4AERONAUT1I1/4T5G2N1/MOLDER1OUPA2CH/9O3IO/9K3TO/9E3EF/7CADAGAS1/1MIDI2H2YOW2/2DINNLINg1VERY/TREF3V7 AEEGIIZ/EPQSSUX 328/407 0 -lex CSW24
quality-20260730-b4-p049	4	7G6C/7A6I/1QUAG1OUTVIEs1V/2RHEA1Z3N1RE/3IMBUE2LO1IT/9JAW1M1/9AX1YUP/4FADO1S2E1i/3PALAEOS4N/4ETH2IT3N/9DEY2O/10NO2C/10TWINK/11E2S/7TROAD3 EGIILNR/BEEIORS 345/362 0 -lex CSW24
quality-20260730-b4-p050	4	13YO/12JAR/11ZAG1/11OI1H/10HALVE/7SUQ2A1D/4IKAT2B1b1G/3FOYNE2I1L1E/3L3WEENIEr1/3A6D4/3T2COTTIERS1/2PIRN1XI6/2ER2WON6/2BO4STERNUM/1VANADIC7 EEFRSTU/ADEIOPU 354/430 0 -lex CSW24
